sanity_reasons,gene,c_notation,p_notation,coding_position,variant_type,criteria_combo,total_points,predicted_class,spliceai_score,interpretation_bucket
PS3_but_VUS,BRCA1,c.1A>C,p.(Met1Leu),1,initiation_codon,PM2_Supporting+PS3,5,3,0.02,expected_vus_single_strong_evidence
PS3_but_VUS,BRCA1,c.1A>T,p.(Met1Leu),1,initiation_codon,PM2_Supporting+PS3,5,3,0.01,expected_vus_single_strong_evidence
PS3_but_VUS,BRCA1,c.2T>A,p.(Met1Lys),2,initiation_codon,PM2_Supporting+PS3,5,3,0.01,expected_vus_single_strong_evidence
PS3_but_VUS,BRCA1,c.2T>C,p.(Met1Thr),2,initiation_codon,PM2_Supporting+PS3,5,3,0.02,expected_vus_single_strong_evidence
PS3_but_VUS,BRCA1,c.2T>G,p.(Met1Arg),2,initiation_codon,PM2_Supporting+PS3,5,3,0.15,expected_vus_single_strong_evidence
PS3_but_VUS,BRCA1,c.3G>A,p.(Met1Ile),3,initiation_codon,PM2_Supporting+PS3,5,3,0.23,expected_vus_single_strong_evidence
PS3_but_VUS,BRCA1,c.3G>C,p.(Met1Ile),3,initiation_codon,PM2_Supporting+PS3,5,3,0.01,expected_vus_single_strong_evidence
PS3_but_VUS,BRCA1,c.4G>C,p.(Asp2His),4,missense,PM2_Supporting+PS3,5,3,0.12,expected_vus_single_strong_evidence
pathogenic_and_benign_evidence;PP3_with_BS3,BRCA1,c.26A>C,p.(Glu9Ala),26,missense,BS3+PM2_Supporting+PP3,-2,2,0.2,benign_functional_overrides_pp3_signal
PS3_but_VUS,BRCA1,c.32T>A,p.(Val11Glu),32,missense,PM2_Supporting+PS3,5,3,0.05,expected_vus_single_strong_evidence
PS3_but_VUS,BRCA1,c.32T>G,p.(Val11Gly),32,missense,PM2_Supporting+PS3,5,3,0.04,expected_vus_single_strong_evidence
PS3_but_VUS,BRCA1,c.35A>C,p.(Gln12Pro),35,missense,PM2_Supporting+PS3,5,3,0.02,expected_vus_single_strong_evidence
PS3_but_VUS,BRCA1,c.40G>T,p.(Val14Phe),40,missense,PM2_Supporting+PS3,5,3,0.02,expected_vus_single_strong_evidence
PS3_but_VUS,BRCA1,c.41T>G,p.(Val14Gly),41,missense,PM2_Supporting+PS3,5,3,0.03,expected_vus_single_strong_evidence
PS3_but_VUS,BRCA1,c.44T>A,p.(Ile15Asn),44,missense,PM2_Supporting+PS3,5,3,0.01,expected_vus_single_strong_evidence
PS3_but_VUS,BRCA1,c.44T>C,p.(Ile15Thr),44,missense,PM2_Supporting+PS3,5,3,0.0,expected_vus_single_strong_evidence
PS3_but_VUS,BRCA1,c.44T>G,p.(Ile15Ser),44,missense,PM2_Supporting+PS3,5,3,0.01,expected_vus_single_strong_evidence
PS3_but_VUS,BRCA1,c.49G>C,p.(Ala17Pro),49,missense,PM2_Supporting+PS3,5,3,0.01,expected_vus_single_strong_evidence
pathogenic_and_benign_evidence;PP3_with_BS3,BRCA1,c.50C>G,p.(Ala17Gly),50,missense,BS3+PM2_Supporting+PP3,-2,2,0.38,benign_functional_overrides_pp3_signal
PS3_but_VUS,BRCA1,c.53T>A,p.(Met18Lys),53,missense,PM2_Supporting+PS3,5,3,0.03,expected_vus_single_strong_evidence
PS3_but_VUS,BRCA1,c.53T>G,p.(Met18Arg),53,missense,PM2_Supporting+PS3,5,3,0.19,expected_vus_single_strong_evidence
PS3_but_VUS,BRCA1,c.56A>C,p.(Gln19Pro),56,missense,PM2_Supporting+PS3,5,3,0.02,expected_vus_single_strong_evidence
PS3_but_VUS,BRCA1,c.63C>T,p.(Ile21=),63,synonymous,PM2_Supporting+PS3,5,3,0.04,expected_vus_single_strong_evidence
PS3_but_VUS,BRCA1,c.65T>C,p.(Leu22Ser),65,missense,PM2_Supporting+PS3,5,3,0.04,expected_vus_single_strong_evidence
PS3_but_VUS,BRCA1,c.70T>A,p.(Cys24Ser),70,missense,PM2_Supporting+PS3,5,3,0.01,expected_vus_single_strong_evidence
PS3_but_VUS,BRCA1,c.70T>C,p.(Cys24Arg),70,missense,PM2_Supporting+PS3,5,3,0.04,expected_vus_single_strong_evidence
PS3_but_VUS,BRCA1,c.70T>G,p.(Cys24Gly),70,missense,PM2_Supporting+PS3,5,3,0.01,expected_vus_single_strong_evidence
PS3_but_VUS,BRCA1,c.71G>A,p.(Cys24Tyr),71,missense,PM2_Supporting+PS3,5,3,0.01,expected_vus_single_strong_evidence
PS3_but_VUS,BRCA1,c.71G>C,p.(Cys24Ser),71,missense,PM2_Supporting+PS3,5,3,0.02,expected_vus_single_strong_evidence
PS3_but_VUS,BRCA1,c.72T>G,p.(Cys24Trp),72,missense,PM2_Supporting+PS3,5,3,0.0,expected_vus_single_strong_evidence
PS3_but_VUS,BRCA1,c.74C>T,p.(Pro25Leu),74,missense,PM2_Supporting+PS3,5,3,0.01,expected_vus_single_strong_evidence
PS3_but_VUS,BRCA1,c.77T>A,p.(Ile26Asn),77,missense,PM2_Supporting+PS3,5,3,0.0,expected_vus_single_strong_evidence
PS3_but_VUS,BRCA1,c.77T>C,p.(Ile26Thr),77,missense,PM2_Supporting+PS3,5,3,0.0,expected_vus_single_strong_evidence
PS3_but_VUS,BRCA1,c.79T>A,p.(Cys27Ser),79,missense,PM2_Supporting+PS3,5,3,0.04,expected_vus_single_strong_evidence
PS3_but_VUS,BRCA1,c.79T>C,p.(Cys27Arg),79,missense,PM2_Supporting+PS3,5,3,0.03,expected_vus_single_strong_evidence
PS3_but_VUS,BRCA1,c.79T>G,p.(Cys27Gly),79,missense,PM2_Supporting+PS3,5,3,0.02,expected_vus_single_strong_evidence
PS3_but_VUS,BRCA1,c.81T>G,p.(Cys27Trp),81,missense,PM2_Supporting+PS3,5,3,0.03,expected_vus_single_strong_evidence
pathogenic_and_benign_evidence;PP3_with_BS3,BRCA1,c.83T>A,p.(Leu28Gln),83,missense,BS3+PM2_Supporting+PP3,-2,2,0.57,benign_functional_overrides_pp3_signal
PS3_but_VUS,BRCA1,c.83T>C,p.(Leu28Pro),83,missense,PM2_Supporting+PS3,5,3,0.0,expected_vus_single_strong_evidence
pathogenic_and_benign_evidence;PP3_with_BS3,BRCA1,c.84G>A,p.(Leu28=),84,synonymous,BS3+PM2_Supporting+PP3,-2,2,0.65,benign_functional_overrides_pp3_signal
PS3_but_VUS,BRCA1,c.100C>T,p.(Pro34Ser),100,missense,PM2_Supporting+PS3,5,3,0.01,expected_vus_single_strong_evidence
PS3_but_VUS,BRCA1,c.101C>A,p.(Pro34His),101,missense,PM2_Supporting+PS3,5,3,0.01,expected_vus_single_strong_evidence
PS3_but_VUS,BRCA1,c.101C>G,p.(Pro34Arg),101,missense,PM2_Supporting+PS3,5,3,0.01,expected_vus_single_strong_evidence
PS3_but_VUS,BRCA1,c.101C>T,p.(Pro34Leu),101,missense,PM2_Supporting+PS3,5,3,0.01,expected_vus_single_strong_evidence
PS3_but_VUS,BRCA1,c.104T>A,p.(Val35Asp),104,missense,PM2_Supporting+PS3,5,3,0.01,expected_vus_single_strong_evidence
PS3_but_VUS,BRCA1,c.104T>C,p.(Val35Ala),104,missense,PM2_Supporting+PS3,5,3,0.0,expected_vus_single_strong_evidence
PS3_but_VUS,BRCA1,c.104T>G,p.(Val35Gly),104,missense,PS3,4,3,0.0,expected_vus_single_strong_evidence
PS3_but_VUS,BRCA1,c.110C>A,p.(Thr37Lys),110,missense,PM2_Supporting+PS3,5,3,0.0,expected_vus_single_strong_evidence
PS3_but_VUS,BRCA1,c.110C>G,p.(Thr37Arg),110,missense,PM2_Supporting+PS3,5,3,0.01,expected_vus_single_strong_evidence
PS3_but_VUS,BRCA1,c.115T>A,p.(Cys39Ser),115,missense,PM2_Supporting+PS3,5,3,0.01,expected_vus_single_strong_evidence
PS3_but_VUS,BRCA1,c.115T>C,p.(Cys39Arg),115,missense,PM2_Supporting+PS3,5,3,0.01,expected_vus_single_strong_evidence
PS3_but_VUS,BRCA1,c.115T>G,p.(Cys39Gly),115,missense,PM2_Supporting+PS3,5,3,0.0,expected_vus_single_strong_evidence
PS3_but_VUS,BRCA1,c.116G>A,p.(Cys39Tyr),116,missense,PM2_Supporting+PS3,5,3,0.02,expected_vus_single_strong_evidence
PS3_but_VUS,BRCA1,c.116G>C,p.(Cys39Ser),116,missense,PM2_Supporting+PS3,5,3,0.01,expected_vus_single_strong_evidence
PS3_but_VUS,BRCA1,c.116G>T,p.(Cys39Phe),116,missense,PM2_Supporting+PS3,5,3,0.0,expected_vus_single_strong_evidence
PS3_but_VUS,BRCA1,c.117T>G,p.(Cys39Trp),117,missense,PM2_Supporting+PS3,5,3,0.01,expected_vus_single_strong_evidence
PS3_but_VUS,BRCA1,c.121C>A,p.(His41Asn),121,missense,PM2_Supporting+PS3,5,3,0.02,expected_vus_single_strong_evidence
PS3_but_VUS,BRCA1,c.121C>G,p.(His41Asp),121,missense,PM2_Supporting+PS3,5,3,0.02,expected_vus_single_strong_evidence
PS3_but_VUS,BRCA1,c.121C>T,p.(His41Tyr),121,missense,PM2_Supporting+PS3,5,3,0.01,expected_vus_single_strong_evidence
PS3_but_VUS,BRCA1,c.122A>C,p.(His41Pro),122,missense,PM2_Supporting+PS3,5,3,0.01,expected_vus_single_strong_evidence
PS3_but_VUS,BRCA1,c.122A>T,p.(His41Leu),122,missense,PM2_Supporting+PS3,5,3,0.0,expected_vus_single_strong_evidence
PS3_but_VUS,BRCA1,c.123C>A,p.(His41Gln),123,missense,PM2_Supporting+PS3,5,3,0.01,expected_vus_single_strong_evidence
PS3_but_VUS,BRCA1,c.123C>G,p.(His41Gln),123,missense,PM2_Supporting+PS3,5,3,0.01,expected_vus_single_strong_evidence
PS3_but_VUS,BRCA1,c.129T>A,p.(Phe43Leu),129,missense,PM2_Supporting+PS3,5,3,0.0,expected_vus_single_strong_evidence
PS3_but_VUS,BRCA1,c.130T>C,p.(Cys44Arg),130,missense,PM2_Supporting+PS3,5,3,0.02,expected_vus_single_strong_evidence
PS3_but_VUS,BRCA1,c.130T>G,p.(Cys44Gly),130,missense,PM2_Supporting+PS3,5,3,0.04,expected_vus_single_strong_evidence
PS3_but_VUS,BRCA1,c.131G>A,p.(Cys44Tyr),131,missense,PM2_Supporting+PS3,5,3,0.01,expected_vus_single_strong_evidence
PS3_but_VUS,BRCA1,c.131G>C,p.(Cys44Ser),131,missense,PM2_Supporting+PS1+PS3,9,3,0.0,vus_with_ps3_and_extra_context
PS3_but_VUS,BRCA1,c.132C>G,p.(Cys44Trp),132,missense,PM2_Supporting+PS3,5,3,0.02,expected_vus_single_strong_evidence
PS3_but_VUS,BRCA1,c.134A>T,p.(Lys45Ile),134,missense,PM2_Supporting+PS3,5,3,0.03,expected_vus_single_strong_evidence
pathogenic_and_benign_evidence;PP3_with_BS3,BRCA1,c.135A>T,p.(Lys45Asn),135,missense,BS3+PM2_Supporting+PP3,-2,2,0.37,benign_functional_overrides_pp3_signal
PS3_but_VUS,BRCA1,c.139T>C,p.(Cys47Arg),139,missense,PM2_Supporting+PS3,5,3,0.08,expected_vus_single_strong_evidence
PS3_but_VUS,BRCA1,c.139T>G,p.(Cys47Gly),139,missense,PM2_Supporting+PS3,5,3,0.02,expected_vus_single_strong_evidence
PS3_but_VUS,BRCA1,c.140G>C,p.(Cys47Ser),140,missense,PM2_Supporting+PS3,5,3,0.03,expected_vus_single_strong_evidence
PS3_but_VUS,BRCA1,c.140G>T,p.(Cys47Phe),140,missense,PM2_Supporting+PS3,5,3,0.02,expected_vus_single_strong_evidence
PS3_but_VUS,BRCA1,c.141C>G,p.(Cys47Trp),141,missense,PM2_Supporting+PS3,5,3,0.09,expected_vus_single_strong_evidence
PS3_but_VUS,BRCA1,c.143T>A,p.(Met48Lys),143,missense,PM2_Supporting+PS3,5,3,0.06,expected_vus_single_strong_evidence
PS3_but_VUS,BRCA1,c.143T>G,p.(Met48Arg),143,missense,PM2_Supporting+PS3,5,3,0.0,expected_vus_single_strong_evidence
PS3_but_VUS,BRCA1,c.146T>C,p.(Leu49Pro),146,missense,PM2_Supporting+PS3,5,3,0.04,expected_vus_single_strong_evidence
pathogenic_and_benign_evidence;PP3_with_BS3,BRCA1,c.147G>A,p.(Leu49=),147,synonymous,BS3+PM2_Supporting+PP3,-2,2,0.38,benign_functional_overrides_pp3_signal
pathogenic_and_benign_evidence;PP3_with_BS3,BRCA1,c.147G>C,p.(Leu49=),147,synonymous,BS3+PM2_Supporting+PP3,-2,2,0.31,benign_functional_overrides_pp3_signal
pathogenic_and_benign_evidence;PP3_with_BS3,BRCA1,c.147G>T,p.(Leu49=),147,synonymous,BS3+PM2_Supporting+PP3,-2,2,0.51,benign_functional_overrides_pp3_signal
PS3_but_VUS,BRCA1,c.152T>C,p.(Leu51Pro),152,missense,PM2_Supporting+PS3,5,3,0.03,expected_vus_single_strong_evidence
pathogenic_and_benign_evidence;PP3_with_BS3,BRCA1,c.156C>T,p.(Leu52=),156,synonymous,BS3+PM2_Supporting+PP3,-2,2,0.3,benign_functional_overrides_pp3_signal
pathogenic_and_benign_evidence;PP3_with_BS3,BRCA1,c.162G>A,p.(Gln54=),162,synonymous,BS3+PM2_Supporting+PP3,-2,2,0.49,benign_functional_overrides_pp3_signal
pathogenic_and_benign_evidence;PP3_with_BS3,BRCA1,c.162G>C,p.(Gln54His),162,missense,BS3+PP3,-3,2,0.28,benign_functional_overrides_pp3_signal
pathogenic_and_benign_evidence;PP3_with_BS3,BRCA1,c.162G>T,p.(Gln54His),162,missense,BS3+PM2_Supporting+PP3,-2,2,0.7,benign_functional_overrides_pp3_signal
pathogenic_and_benign_evidence;PP3_with_BS3,BRCA1,c.163A>C,p.(Lys55Gln),163,missense,BS3+PM2_Supporting+PP3,-2,2,0.27,benign_functional_overrides_pp3_signal
pathogenic_and_benign_evidence;PP3_with_BS3,BRCA1,c.163A>G,p.(Lys55Glu),163,missense,BS3+PM2_Supporting+PP3,-2,2,0.26,benign_functional_overrides_pp3_signal
pathogenic_and_benign_evidence;PP3_with_BS3,BRCA1,c.164A>G,p.(Lys55Arg),164,missense,BS3+PM2_Supporting+PP3,-2,2,0.2,benign_functional_overrides_pp3_signal
pathogenic_and_benign_evidence;PP3_with_BS3,BRCA1,c.164A>T,p.(Lys55Met),164,missense,BS3+PM2_Supporting+PP3,-2,2,0.27,benign_functional_overrides_pp3_signal
pathogenic_and_benign_evidence;PP3_with_BS3,BRCA1,c.165G>A,p.(Lys55=),165,synonymous,BS3+PM2_Supporting+PP3,-2,2,0.38,benign_functional_overrides_pp3_signal
pathogenic_and_benign_evidence;PP3_with_BS3,BRCA1,c.165G>C,p.(Lys55Asn),165,missense,BS3+PM2_Supporting+PP3,-2,2,0.28,benign_functional_overrides_pp3_signal
pathogenic_and_benign_evidence;PP3_with_BS3,BRCA1,c.165G>T,p.(Lys55Asn),165,missense,BS3+PM2_Supporting+PP3,-2,2,0.55,benign_functional_overrides_pp3_signal
pathogenic_and_benign_evidence;PP3_with_BS3,BRCA1,c.167A>T,p.(Lys56Ile),167,missense,BS3+PM2_Supporting+PP3,-2,2,0.33,benign_functional_overrides_pp3_signal
pathogenic_and_benign_evidence;PP3_with_BS3,BRCA1,c.169G>C,p.(Gly57Arg),169,missense,BS3+PM2_Supporting+PP3,-2,2,0.2,benign_functional_overrides_pp3_signal
PS3_but_VUS,BRCA1,c.173C>A,p.(Pro58His),173,missense,PM2_Supporting+PS3,5,3,0.16,expected_vus_single_strong_evidence
pathogenic_and_benign_evidence;PP3_with_BS3,BRCA1,c.173C>T,p.(Pro58Leu),173,missense,BS3+PM2_Supporting+PP3,-2,2,0.21,benign_functional_overrides_pp3_signal
pathogenic_and_benign_evidence;PP3_with_BS3,BRCA1,c.176C>T,p.(Ser59Leu),176,missense,BS3+PM2_Supporting+PP3,-2,2,0.22,benign_functional_overrides_pp3_signal
PS3_but_VUS,BRCA1,c.181T>A,p.(Cys61Ser),181,missense,PM2_Supporting+PP4+PS3,9,3,0.08,vus_with_ps3_and_extra_context
PS3_but_VUS,BRCA1,c.182G>T,p.(Cys61Phe),182,missense,PM2_Supporting+PS3,5,3,0.03,expected_vus_single_strong_evidence
PS3_but_VUS,BRCA1,c.183T>G,p.(Cys61Trp),183,missense,PM2_Supporting+PS3,5,3,0.1,expected_vus_single_strong_evidence
pathogenic_and_benign_evidence;PP3_with_BS3,BRCA1,c.187T>G,p.(Leu63Val),187,missense,BS3+PM2_Supporting+PP3,-2,2,0.7,benign_functional_overrides_pp3_signal
pathogenic_and_benign_evidence;PP3_with_BS3,BRCA1,c.189A>T,p.(Leu63Phe),189,missense,BS3+PP3,-3,2,0.32,benign_functional_overrides_pp3_signal
PS3_but_VUS,BRCA1,c.190T>A,p.(Cys64Ser),190,missense,PM2_Supporting+PS3,5,3,0.03,expected_vus_single_strong_evidence
PS3_but_VUS,BRCA1,c.190T>C,p.(Cys64Arg),190,missense,PM2_Supporting+PS3,5,3,0.19,expected_vus_single_strong_evidence
PS3_but_VUS,BRCA1,c.190T>G,p.(Cys64Gly),190,missense,PP3+PS3,5,3,0.65,vus_with_ps3_and_extra_context
pathogenic_and_benign_evidence;PP3_with_BS3,BRCA1,c.192T>C,p.(Cys64=),192,synonymous,BS3+PM2_Supporting+PP3,-2,2,0.87,benign_functional_overrides_pp3_signal
pathogenic_and_benign_evidence;PP3_with_BS3,BRCA1,c.193A>C,p.(Lys65Gln),193,missense,BS3+PM2_Supporting+PP3,-2,2,0.87,benign_functional_overrides_pp3_signal
pathogenic_and_benign_evidence;PP3_with_BS3,BRCA1,c.193A>G,p.(Lys65Glu),193,missense,BS3+PP3,-3,2,0.49,benign_functional_overrides_pp3_signal
pathogenic_and_benign_evidence;PP3_with_BS3,BRCA1,c.194A>C,p.(Lys65Thr),194,missense,BS3+PM2_Supporting+PP3,-2,2,0.67,benign_functional_overrides_pp3_signal
pathogenic_and_benign_evidence;PP3_with_BS3,BRCA1,c.194A>G,p.(Lys65Arg),194,missense,BS3+PM2_Supporting+PP3,-2,2,0.84,benign_functional_overrides_pp3_signal
pathogenic_and_benign_evidence;PP3_with_BS3,BRCA1,c.194A>T,p.(Lys65Met),194,missense,BS3+PM2_Supporting+PP3,-2,2,0.8,benign_functional_overrides_pp3_signal
pathogenic_and_benign_evidence;PP3_with_BS3,BRCA1,c.195G>A,p.(Lys65=),195,synonymous,BS3+PM2_Supporting+PP3,-2,2,0.86,benign_functional_overrides_pp3_signal
pathogenic_and_benign_evidence;PP3_with_BS3,BRCA1,c.195G>C,p.(Lys65Asn),195,missense,BS3+PM2_Supporting+PP3,-2,2,0.87,benign_functional_overrides_pp3_signal
pathogenic_and_benign_evidence;PP3_with_BS3,BRCA1,c.195G>T,p.(Lys65Asn),195,missense,BS3+PM2_Supporting+PP3,-2,2,0.86,benign_functional_overrides_pp3_signal
pathogenic_and_benign_evidence;PP3_with_BS3,BRCA1,c.196A>C,p.(Asn66His),196,missense,BS3+PM2_Supporting+PP3,-2,2,0.27,benign_functional_overrides_pp3_signal
pathogenic_and_benign_evidence;PP3_with_BS3,BRCA1,c.198T>C,p.(Asn66=),198,synonymous,BS3+PM2_Supporting+PP3,-2,2,0.27,benign_functional_overrides_pp3_signal
pathogenic_and_benign_evidence;PP3_with_BS3,BRCA1,c.198T>G,p.(Asn66Lys),198,missense,BS3+PM2_Supporting+PP3,-2,2,0.31,benign_functional_overrides_pp3_signal
pathogenic_and_benign_evidence;PP3_with_BS3,BRCA1,c.199G>A,p.(Asp67Asn),199,missense,BS3+PM2_Supporting+PP3,-2,2,0.23,benign_functional_overrides_pp3_signal
PS3_but_VUS,BRCA1,c.203T>A,p.(Ile68Lys),203,missense,PM2_Supporting+PS3,5,3,0.02,expected_vus_single_strong_evidence
pathogenic_and_benign_evidence;PP3_with_BS3,BRCA1,c.203T>C,p.(Ile68Thr),203,missense,BS3+PM2_Supporting+PP3,-2,2,0.24,benign_functional_overrides_pp3_signal
PS3_but_VUS,BRCA1,c.203T>G,p.(Ile68Arg),203,missense,PM2_Supporting+PS3,5,3,0.07,expected_vus_single_strong_evidence
pathogenic_and_benign_evidence;PP3_with_BS3,BRCA1,c.204A>C,p.(Ile68=),204,synonymous,BS3+PM2_Supporting+PP3,-2,2,0.24,benign_functional_overrides_pp3_signal
pathogenic_and_benign_evidence;PP3_with_BS3,BRCA1,c.210A>G,p.(Lys70=),210,synonymous,BS3+PM2_Supporting+PP3,-2,2,0.24,benign_functional_overrides_pp3_signal
pathogenic_and_benign_evidence;PP3_with_BS3,BRCA1,c.213G>C,p.(Arg71Ser),213,missense,BS3+PM2_Supporting+PP3,-2,2,0.39,benign_functional_overrides_pp3_signal
PS3_but_VUS,BRCA1,c.218T>A,p.(Leu73Gln),218,missense,PM2_Supporting+PS3,5,3,0.04,expected_vus_single_strong_evidence
PS3_but_VUS,BRCA1,c.218T>G,p.(Leu73Arg),218,missense,PM2_Supporting+PS3,5,3,0.16,expected_vus_single_strong_evidence
pathogenic_and_benign_evidence;PP3_with_BS3,BRCA1,c.223G>A,p.(Glu75Lys),223,missense,BS3+PM2_Supporting+PP3,-2,2,0.25,benign_functional_overrides_pp3_signal
pathogenic_and_benign_evidence;PP3_with_BS3,BRCA1,c.226A>G,p.(Ser76Gly),226,missense,BS3+PM2_Supporting+PP3,-2,2,0.46,benign_functional_overrides_pp3_signal
pathogenic_and_benign_evidence;PP3_with_BS3,BRCA1,c.230C>A,p.(Thr77Lys),230,missense,BS3+PM2_Supporting+PP3,-2,2,0.24,benign_functional_overrides_pp3_signal
pathogenic_and_benign_evidence;PP3_with_BS3,BRCA1,c.230C>G,p.(Thr77Arg),230,missense,BS3+PM2_Supporting+PP3,-2,2,0.2,benign_functional_overrides_pp3_signal
pathogenic_and_benign_evidence;PP3_with_BS3,BRCA1,c.230C>T,p.(Thr77Met),230,missense,BS3+PP3,-3,2,0.31,benign_functional_overrides_pp3_signal
pathogenic_and_benign_evidence;PP3_with_BS3,BRCA1,c.231G>T,p.(Thr77=),231,synonymous,BS3+PM2_Supporting+PP3,-2,2,0.54,benign_functional_overrides_pp3_signal
pathogenic_and_benign_evidence;PP3_with_BS3,BRCA1,c.237T>C,p.(Phe79=),237,synonymous,BS3+PM2_Supporting+PP3,-2,2,0.2,benign_functional_overrides_pp3_signal
PS3_but_VUS,BRCA1,c.239G>T,p.(Ser80Ile),239,missense,PM2_Supporting+PS3,5,3,0.11,expected_vus_single_strong_evidence
pathogenic_and_benign_evidence;PP3_with_BS3,BRCA1,c.241C>A,p.(Gln81Lys),241,missense,BS3+PM2_Supporting+PP3,-2,2,0.24,benign_functional_overrides_pp3_signal
pathogenic_and_benign_evidence;PP3_with_BS3,BRCA1,c.244C>A,p.(Leu82Ile),244,missense,BS3+PM2_Supporting+PP3,-2,2,0.23,benign_functional_overrides_pp3_signal
pathogenic_and_benign_evidence;PP3_with_BS3,BRCA1,c.244C>T,p.(Leu82Phe),244,missense,BS3+PM2_Supporting+PP3,-2,2,0.3,benign_functional_overrides_pp3_signal
PS3_but_VUS,BRCA1,c.245T>A,p.(Leu82His),245,missense,PM2_Supporting+PS3,5,3,0.02,expected_vus_single_strong_evidence
PS3_but_VUS,BRCA1,c.245T>C,p.(Leu82Pro),245,missense,PM2_Supporting+PS3,5,3,0.09,expected_vus_single_strong_evidence
PS3_but_VUS,BRCA1,c.245T>G,p.(Leu82Arg),245,missense,PM2_Supporting+PS3,5,3,0.16,expected_vus_single_strong_evidence
PS3_but_VUS,BRCA1,c.247G>T,p.(Val83Phe),247,missense,PM2_Supporting+PS3,5,3,0.12,expected_vus_single_strong_evidence
PS3_but_VUS,BRCA1,c.248T>A,p.(Val83Asp),248,missense,PM2_Supporting+PS3,5,3,0.15,expected_vus_single_strong_evidence
pathogenic_and_benign_evidence;PP3_with_BS3,BRCA1,c.250G>A,p.(Glu84Lys),250,missense,BS3+PM2_Supporting+PP3,-2,2,0.49,benign_functional_overrides_pp3_signal
pathogenic_and_benign_evidence;PP3_with_BS3,BRCA1,c.251A>C,p.(Glu84Ala),251,missense,BS3+PM2_Supporting+PP3,-2,2,0.33,benign_functional_overrides_pp3_signal
pathogenic_and_benign_evidence;PP3_with_BS3,BRCA1,c.252A>T,p.(Glu84Asp),252,missense,BS3+PM2_Supporting+PP3,-2,2,0.36,benign_functional_overrides_pp3_signal
pathogenic_and_benign_evidence;PP3_with_BS3,BRCA1,c.253G>C,p.(Glu85Gln),253,missense,BS3+PM2_Supporting+PP3,-2,2,0.32,benign_functional_overrides_pp3_signal
pathogenic_and_benign_evidence;PP3_with_BS3,BRCA1,c.254A>G,p.(Glu85Gly),254,missense,BS3+PM2_Supporting+PP3,-2,2,0.44,benign_functional_overrides_pp3_signal
pathogenic_and_benign_evidence;PP3_with_BS3,BRCA1,c.254A>T,p.(Glu85Val),254,missense,BS3+PM2_Supporting+PP3,-2,2,0.37,benign_functional_overrides_pp3_signal
pathogenic_and_benign_evidence;PP3_with_BS3,BRCA1,c.256C>G,p.(Leu86Val),256,missense,BS3+PM2_Supporting+PP3,-2,2,0.67,benign_functional_overrides_pp3_signal
PS3_but_VUS,BRCA1,c.257T>C,p.(Leu86Pro),257,missense,PM2_Supporting+PS3,5,3,0.11,expected_vus_single_strong_evidence
pathogenic_and_benign_evidence;PP3_with_BS3,BRCA1,c.260T>C,p.(Leu87Ser),260,missense,BS3+PM2_Supporting+PP3,-2,2,0.26,benign_functional_overrides_pp3_signal
pathogenic_and_benign_evidence;PP3_with_BS3,BRCA1,c.260T>G,p.(Leu87Trp),260,missense,BS3+PM2_Supporting+PP3,-2,2,0.34,benign_functional_overrides_pp3_signal
pathogenic_and_benign_evidence;PP3_with_BS3,BRCA1,c.261G>A,p.(Leu87=),261,synonymous,BS3+PP3,-3,2,0.32,benign_functional_overrides_pp3_signal
pathogenic_and_benign_evidence;PP3_with_BS3,BRCA1,c.261G>T,p.(Leu87Phe),261,missense,BS3+PM2_Supporting+PP3,-2,2,0.23,benign_functional_overrides_pp3_signal
pathogenic_and_benign_evidence;PP3_with_BS3,BRCA1,c.262A>G,p.(Lys88Glu),262,missense,BS3+PM2_Supporting+PP3,-2,2,0.26,benign_functional_overrides_pp3_signal
pathogenic_and_benign_evidence;PP3_with_BS3,BRCA1,c.264A>C,p.(Lys88Asn),264,missense,BS3+PM2_Supporting+PP3,-2,2,0.23,benign_functional_overrides_pp3_signal
pathogenic_and_benign_evidence;PP3_with_BS3,BRCA1,c.264A>G,p.(Lys88=),264,synonymous,BS3+PM2_Supporting+PP3,-2,2,0.35,benign_functional_overrides_pp3_signal
PS3_but_VUS,BRCA1,c.266T>A,p.(Ile89Asn),266,missense,PM2_Supporting+PS3,5,3,0.04,expected_vus_single_strong_evidence
pathogenic_and_benign_evidence;PP3_with_BS3,BRCA1,c.267C>A,p.(Ile89=),267,synonymous,BS3+PM2_Supporting+PP3,-2,2,0.21,benign_functional_overrides_pp3_signal
pathogenic_and_benign_evidence;PP3_with_BS3,BRCA1,c.267C>T,p.(Ile89=),267,synonymous,BS3+PM2_Supporting+PP3,-2,2,0.21,benign_functional_overrides_pp3_signal
pathogenic_and_benign_evidence;PP3_with_BS3,BRCA1,c.270T>C,p.(Ile90=),270,synonymous,BS3+PM2_Supporting+PP3,-2,2,0.28,benign_functional_overrides_pp3_signal
pathogenic_and_benign_evidence;PP3_with_BS3,BRCA1,c.271T>C,p.(Cys91Arg),271,missense,BS3+PM2_Supporting+PP3,-2,2,0.33,benign_functional_overrides_pp3_signal
pathogenic_and_benign_evidence;PP3_with_BS3,BRCA1,c.271T>G,p.(Cys91Gly),271,missense,BS3+PM2_Supporting+PP3,-2,2,0.25,benign_functional_overrides_pp3_signal
pathogenic_and_benign_evidence;PP3_with_BS3,BRCA1,c.273T>C,p.(Cys91=),273,synonymous,BS3+PM2_Supporting+PP3,-2,2,0.23,benign_functional_overrides_pp3_signal
PS3_but_VUS,BRCA1,c.274G>A,p.(Ala92Thr),274,missense,PM2_Supporting+PS3,5,3,0.08,expected_vus_single_strong_evidence
PS3_but_VUS,BRCA1,c.274G>C,p.(Ala92Pro),274,missense,PM2_Supporting+PS3,5,3,0.04,expected_vus_single_strong_evidence
PS3_but_VUS,BRCA1,c.275C>A,p.(Ala92Asp),275,missense,PM2_Supporting+PS3,5,3,0.11,expected_vus_single_strong_evidence
pathogenic_and_benign_evidence;PP3_with_BS3,BRCA1,c.277T>A,p.(Phe93Ile),277,missense,BS3+PM2_Supporting+PP3,-2,2,0.23,benign_functional_overrides_pp3_signal
pathogenic_and_benign_evidence;PP3_with_BS3,BRCA1,c.277T>G,p.(Phe93Val),277,missense,BS3+PM2_Supporting+PP3,-2,2,0.28,benign_functional_overrides_pp3_signal
PS3_but_VUS,BRCA1,c.279T>G,p.(Phe93Leu),279,missense,PM2_Supporting+PS3,5,3,0.1,expected_vus_single_strong_evidence
pathogenic_and_benign_evidence;PP3_with_BS3,BRCA1,c.281A>G,p.(Gln94Arg),281,missense,BS3+PM2_Supporting+PP3,-2,2,0.26,benign_functional_overrides_pp3_signal
pathogenic_and_benign_evidence;PP3_with_BS3,BRCA1,c.282G>T,p.(Gln94His),282,missense,BS3+PM2_Supporting+PP3,-2,2,0.33,benign_functional_overrides_pp3_signal
PS3_but_VUS,BRCA1,c.284T>C,p.(Leu95Pro),284,missense,PM2_Supporting+PS3,5,3,0.12,expected_vus_single_strong_evidence
pathogenic_and_benign_evidence;PP3_with_BS3,BRCA1,c.284T>G,p.(Leu95Arg),284,missense,BS3+PM2_Supporting+PP3,-2,2,0.2,benign_functional_overrides_pp3_signal
pathogenic_and_benign_evidence;PP3_with_BS3,BRCA1,c.285T>A,p.(Leu95=),285,synonymous,BS3+PM2_Supporting+PP3,-2,2,0.25,benign_functional_overrides_pp3_signal
pathogenic_and_benign_evidence;PP3_with_BS3,BRCA1,c.285T>C,p.(Leu95=),285,synonymous,BS3+PM2_Supporting+PP3,-2,2,0.2,benign_functional_overrides_pp3_signal
pathogenic_and_benign_evidence;PP3_with_BS3,BRCA1,c.285T>G,p.(Leu95=),285,synonymous,BS3+PM2_Supporting+PP3,-2,2,0.23,benign_functional_overrides_pp3_signal
PS3_but_VUS,BRCA1,c.286G>A,p.(Asp96Asn),286,missense,PM2_Supporting+PS3,5,3,0.14,expected_vus_single_strong_evidence
PS3_but_VUS,BRCA1,c.286G>C,p.(Asp96His),286,missense,PM2_Supporting+PS3,5,3,0.06,expected_vus_single_strong_evidence
PS3_but_VUS,BRCA1,c.286G>T,p.(Asp96Tyr),286,missense,PM2_Supporting+PS3,5,3,0.12,expected_vus_single_strong_evidence
PS3_but_VUS,BRCA1,c.287A>C,p.(Asp96Ala),287,missense,PM2_Supporting+PS3,5,3,0.06,expected_vus_single_strong_evidence
PS3_but_VUS,BRCA1,c.287A>G,p.(Asp96Gly),287,missense,PM2_Supporting+PS3,5,3,0.07,expected_vus_single_strong_evidence
PS3_but_VUS,BRCA1,c.287A>T,p.(Asp96Val),287,missense,PM2_Supporting+PS3,5,3,0.06,expected_vus_single_strong_evidence
PS3_but_VUS,BRCA1,c.288C>A,p.(Asp96Glu),288,missense,PM2_Supporting+PS3,5,3,0.09,expected_vus_single_strong_evidence
PS3_but_VUS,BRCA1,c.288C>G,p.(Asp96Glu),288,missense,PM2_Supporting+PS3,5,3,0.08,expected_vus_single_strong_evidence
PS3_but_VUS,BRCA1,c.289A>C,p.(Thr97Pro),289,missense,PM2_Supporting+PS3,5,3,0.06,expected_vus_single_strong_evidence
pathogenic_and_benign_evidence;PP3_with_BS3,BRCA1,c.291A>C,p.(Thr97=),291,synonymous,BS3+PM2_Supporting+PP3,-2,2,0.27,benign_functional_overrides_pp3_signal
pathogenic_and_benign_evidence;PP3_with_BS3,BRCA1,c.291A>G,p.(Thr97=),291,synonymous,BS3+PM2_Supporting+PP3,-2,2,0.22,benign_functional_overrides_pp3_signal
pathogenic_and_benign_evidence;PP3_with_BS3,BRCA1,c.291A>T,p.(Thr97=),291,synonymous,BS3+PM2_Supporting+PP3,-2,2,0.22,benign_functional_overrides_pp3_signal
pathogenic_and_benign_evidence;PP3_with_BS3,BRCA1,c.292G>A,p.(Gly98Ser),292,missense,BS3+PM2_Supporting+PP3,-2,2,0.22,benign_functional_overrides_pp3_signal
pathogenic_and_benign_evidence;PP3_with_BS3,BRCA1,c.292G>C,p.(Gly98Arg),292,missense,BS3+PM2_Supporting+PP3,-2,2,0.22,benign_functional_overrides_pp3_signal
pathogenic_and_benign_evidence;PP3_with_BS3,BRCA1,c.293G>A,p.(Gly98Asp),293,missense,BS3+PM2_Supporting+PP3,-2,2,0.22,benign_functional_overrides_pp3_signal
pathogenic_and_benign_evidence;PP3_with_BS3,BRCA1,c.293G>C,p.(Gly98Ala),293,missense,BS3+PM2_Supporting+PP3,-2,2,0.26,benign_functional_overrides_pp3_signal
pathogenic_and_benign_evidence;PP3_with_BS3,BRCA1,c.294T>A,p.(Gly98=),294,synonymous,BS3+PM2_Supporting+PP3,-2,2,0.24,benign_functional_overrides_pp3_signal
pathogenic_and_benign_evidence;PP3_with_BS3,BRCA1,c.294T>C,p.(Gly98=),294,synonymous,BS3+PM2_Supporting+PP3,-2,2,0.22,benign_functional_overrides_pp3_signal
pathogenic_and_benign_evidence;PP3_with_BS3,BRCA1,c.294T>G,p.(Gly98=),294,synonymous,BS3+PM2_Supporting+PP3,-2,2,0.22,benign_functional_overrides_pp3_signal
pathogenic_and_benign_evidence;PP3_with_BS3,BRCA1,c.300G>A,p.(Glu100=),300,synonymous,BS3+PM2_Supporting+PP3,-2,2,0.22,benign_functional_overrides_pp3_signal
pathogenic_and_benign_evidence;PP3_with_BS3,BRCA1,c.301T>G,p.(Tyr101Asp),301,missense,BS3+PM2_Supporting+PP3,-2,2,0.32,benign_functional_overrides_pp3_signal
pathogenic_and_benign_evidence,BRCA1,c.4184A>G,p.(Gln1395Arg),4184,missense,BP5+PM2_Supporting+PP3,0,3,0.36,mixed_direction_evidence
pathogenic_and_benign_evidence,BRCA1,c.4327C>T,p.(Arg1443Ter),4327,nonsense,BS1_Supporting+PM5_PTC+PVS1,11,5,0.01,mixed_direction_evidence
pathogenic_and_benign_evidence;PP3_with_BS3,BRCA1,c.4893T>G,p.(Ser1631Arg),4893,missense,BS3+PM2_Supporting+PP3,-2,2,0.42,benign_functional_overrides_pp3_signal
pathogenic_and_benign_evidence;PP3_with_BS3,BRCA1,c.4899C>T,p.(Ser1633=),4899,synonymous,BS3+PM2_Supporting+PP3,-2,2,0.45,benign_functional_overrides_pp3_signal
pathogenic_and_benign_evidence;PP3_with_BS3,BRCA1,c.4931A>T,p.(Glu1644Val),4931,missense,BS3+PM2_Supporting+PP3,-2,2,0.53,benign_functional_overrides_pp3_signal
pathogenic_and_benign_evidence;PP3_with_BS3,BRCA1,c.4947A>T,p.(Arg1649Ser),4947,missense,BS3+PM2_Supporting+PP3,-2,2,0.41,benign_functional_overrides_pp3_signal
PS3_but_VUS,BRCA1,c.4951T>C,p.(Ser1651Pro),4951,missense,PM2_Supporting+PS3,5,3,0.01,expected_vus_single_strong_evidence
PS3_but_VUS,BRCA1,c.4955T>A,p.(Met1652Lys),4955,missense,PM2_Supporting+PS3,5,3,0.11,expected_vus_single_strong_evidence
PS3_but_VUS,BRCA1,c.4955T>G,p.(Met1652Arg),4955,missense,PM2_Supporting+PS3,5,3,0.04,expected_vus_single_strong_evidence
PS3_but_VUS,BRCA1,c.4957G>A,p.(Val1653Met),4957,missense,PM2_Supporting+PS3,5,3,0.0,expected_vus_single_strong_evidence
PS3_but_VUS,BRCA1,c.4957G>C,p.(Val1653Leu),4957,missense,PM2_Supporting+PS3,5,3,0.0,expected_vus_single_strong_evidence
PS3_but_VUS,BRCA1,c.4957G>T,p.(Val1653Leu),4957,missense,PM2_Supporting+PS3,5,3,0.03,expected_vus_single_strong_evidence
PS3_but_VUS,BRCA1,c.4958T>A,p.(Val1653Glu),4958,missense,PM2_Supporting+PS3,5,3,0.0,expected_vus_single_strong_evidence
PS3_but_VUS,BRCA1,c.4963T>C,p.(Ser1655Pro),4963,missense,PM2_Supporting+PS3,5,3,0.0,expected_vus_single_strong_evidence
PS3_but_VUS,BRCA1,c.4964C>A,p.(Ser1655Tyr),4964,missense,PM2_Supporting+PS3,5,3,0.0,expected_vus_single_strong_evidence
PS3_but_VUS,BRCA1,c.4964C>G,p.(Ser1655Cys),4964,missense,PM2_Supporting+PS3,5,3,0.02,expected_vus_single_strong_evidence
PS3_but_VUS,BRCA1,c.4964C>T,p.(Ser1655Phe),4964,missense,PM2_Supporting+PS3,5,3,0.01,expected_vus_single_strong_evidence
PS3_but_VUS,BRCA1,c.4970T>A,p.(Leu1657Gln),4970,missense,PM2_Supporting+PS3,5,3,0.01,expected_vus_single_strong_evidence
PS3_but_VUS,BRCA1,c.4970T>C,p.(Leu1657Pro),4970,missense,PM2_Supporting+PS3,5,3,0.0,expected_vus_single_strong_evidence
PS3_but_VUS,BRCA1,c.4970T>G,p.(Leu1657Arg),4970,missense,PM2_Supporting+PS3,5,3,0.02,expected_vus_single_strong_evidence
pathogenic_and_benign_evidence;PP3_with_BS3,BRCA1,c.4985T>G,p.(Phe1662Cys),4985,missense,BS3+PM2_Supporting+PP3,-2,2,0.27,benign_functional_overrides_pp3_signal
PS3_but_VUS,BRCA1,c.4994T>A,p.(Val1665Glu),4994,missense,PM2_Supporting+PS3,5,3,0.01,expected_vus_single_strong_evidence
pathogenic_and_benign_evidence;PP3_with_BS3,BRCA1,c.5000A>G,p.(Lys1667Arg),5000,missense,BS3+PM2_Supporting+PP3,-2,2,0.29,benign_functional_overrides_pp3_signal
PS3_but_VUS,BRCA1,c.5003T>C,p.(Phe1668Ser),5003,missense,PM2_Supporting+PS3,5,3,0.04,expected_vus_single_strong_evidence
PS3_but_VUS,BRCA1,c.5005G>C,p.(Ala1669Pro),5005,missense,PM2_Supporting+PS3,5,3,0.05,expected_vus_single_strong_evidence
PS3_but_VUS,BRCA1,c.5009G>A,p.(Arg1670Lys),5009,missense,PM2_Supporting+PS3,5,3,0.16,expected_vus_single_strong_evidence
pathogenic_and_benign_evidence;PP3_with_BS3,BRCA1,c.5009G>T,p.(Arg1670Ile),5009,missense,BS3+PM2_Supporting+PP3,-2,2,0.2,benign_functional_overrides_pp3_signal
PS3_but_VUS,BRCA1,c.5015A>C,p.(His1672Pro),5015,missense,PM2_Supporting+PS3,5,3,0.08,expected_vus_single_strong_evidence
pathogenic_and_benign_evidence;PP3_with_BS3,BRCA1,c.5031T>G,p.(Thr1677=),5031,synonymous,BS3+PM2_Supporting+PP3,-2,2,0.2,benign_functional_overrides_pp3_signal
pathogenic_and_benign_evidence;PP3_with_BS3,BRCA1,c.5032A>G,p.(Asn1678Asp),5032,missense,BS3+PM2_Supporting+PP3,-2,2,0.2,benign_functional_overrides_pp3_signal
pathogenic_and_benign_evidence;PP3_with_BS3,BRCA1,c.5035C>G,p.(Leu1679Val),5035,missense,BS3+PM2_Supporting+PP3,-2,2,0.26,benign_functional_overrides_pp3_signal
pathogenic_and_benign_evidence;PP3_with_BS3,BRCA1,c.5036T>G,p.(Leu1679Arg),5036,missense,BS3+PM2_Supporting+PP3,-2,2,0.22,benign_functional_overrides_pp3_signal
PS3_but_VUS,BRCA1,c.5041A>C,p.(Thr1681Pro),5041,missense,PM2_Supporting+PS3,5,3,0.09,expected_vus_single_strong_evidence
pathogenic_and_benign_evidence;PP3_with_BS3,BRCA1,c.5042C>G,p.(Thr1681Ser),5042,missense,BS3+PM2_Supporting+PP3,-2,2,0.38,benign_functional_overrides_pp3_signal
pathogenic_and_benign_evidence;PS3_but_VUS,BRCA1,c.5044G>A,p.(Glu1682Lys),5044,missense,BP5+PM2_Supporting+PP3+PS3,2,3,0.57,vus_with_ps3_and_extra_context
pathogenic_and_benign_evidence;PP3_with_BS3,BRCA1,c.5045A>C,p.(Glu1682Ala),5045,missense,BS3+PM2_Supporting+PP3,-2,2,0.26,benign_functional_overrides_pp3_signal
pathogenic_and_benign_evidence;PP3_with_BS3,BRCA1,c.5046A>C,p.(Glu1682Asp),5046,missense,BS3+PM2_Supporting+PP3,-2,2,0.22,benign_functional_overrides_pp3_signal
PS3_but_VUS,BRCA1,c.5050A>C,p.(Thr1684Pro),5050,missense,PM2_Supporting+PS3,5,3,0.03,expected_vus_single_strong_evidence
PS3_but_VUS,BRCA1,c.5053A>C,p.(Thr1685Pro),5053,missense,PM2_Supporting+PS3,5,3,0.09,expected_vus_single_strong_evidence
PS3_but_VUS,BRCA1,c.5056C>A,p.(His1686Asn),5056,missense,PM2_Supporting+PS3,5,3,0.19,expected_vus_single_strong_evidence
PS3_but_VUS,BRCA1,c.5056C>G,p.(His1686Asp),5056,missense,PM2_Supporting+PS3,5,3,0.16,expected_vus_single_strong_evidence
PS3_but_VUS,BRCA1,c.5057A>C,p.(His1686Pro),5057,missense,PM2_Supporting+PS3,5,3,0.18,expected_vus_single_strong_evidence
PS3_but_VUS,BRCA1,c.5057A>G,p.(His1686Arg),5057,missense,PM2_Supporting+PS3,5,3,0.15,expected_vus_single_strong_evidence
PS3_but_VUS,BRCA1,c.5057A>T,p.(His1686Leu),5057,missense,PM2_Supporting+PS3,5,3,0.08,expected_vus_single_strong_evidence
PS3_but_VUS,BRCA1,c.5058T>A,p.(His1686Gln),5058,missense,PM2_Supporting+PS3,5,3,0.15,expected_vus_single_strong_evidence
PS3_but_VUS,BRCA1,c.5058T>G,p.(His1686Gln),5058,missense,PM2_Supporting+PS3,5,3,0.15,expected_vus_single_strong_evidence
PS3_but_VUS,BRCA1,c.5059G>T,p.(Val1687Phe),5059,missense,PM2_Supporting+PS3,5,3,0.16,expected_vus_single_strong_evidence
PS3_but_VUS,BRCA1,c.5060T>A,p.(Val1687Asp),5060,missense,PM2_Supporting+PS3,5,3,0.17,expected_vus_single_strong_evidence
PS3_but_VUS,BRCA1,c.5060T>G,p.(Val1687Gly),5060,missense,PM2_Supporting+PS3,5,3,0.15,expected_vus_single_strong_evidence
pathogenic_and_benign_evidence;PP3_with_BS3,BRCA1,c.5061T>A,p.(Val1687=),5061,synonymous,BS3+PM2_Supporting+PP3,-2,2,0.21,benign_functional_overrides_pp3_signal
PS3_but_VUS,BRCA1,c.5062G>T,p.(Val1688Phe),5062,missense,PM2_Supporting+PS3,5,3,0.16,expected_vus_single_strong_evidence
PS3_but_VUS,BRCA1,c.5063T>A,p.(Val1688Asp),5063,missense,PM2_Supporting+PS3,5,3,0.15,expected_vus_single_strong_evidence
PS3_but_VUS,BRCA1,c.5066T>A,p.(Met1689Lys),5066,missense,PM2_Supporting+PS3,5,3,0.04,expected_vus_single_strong_evidence
PS3_but_VUS,BRCA1,c.5071A>C,p.(Thr1691Pro),5071,missense,PM2_Supporting+PS3,5,3,0.03,expected_vus_single_strong_evidence
PS3_but_VUS,BRCA1,c.5072C>A,p.(Thr1691Lys),5072,missense,PM2_Supporting+PS3,5,3,0.05,expected_vus_single_strong_evidence
pathogenic_and_benign_evidence;PP3_with_BS3,BRCA1,c.5073A>G,p.(Thr1691=),5073,synonymous,BS3+PM2_Supporting+PP3,-2,2,0.71,benign_functional_overrides_pp3_signal
PS3_but_VUS,BRCA1,c.5077G>T,p.(Ala1693Ser),5077,missense,PM2_Supporting+PS3,5,3,0.1,expected_vus_single_strong_evidence
PS3_but_VUS,BRCA1,c.5078C>A,p.(Ala1693Asp),5078,missense,PM2_Supporting+PS3,5,3,0.08,expected_vus_single_strong_evidence
PS3_but_VUS,BRCA1,c.5087T>A,p.(Val1696Glu),5087,missense,PM2_Supporting+PS3,5,3,0.03,expected_vus_single_strong_evidence
PS3_but_VUS,BRCA1,c.5087T>G,p.(Val1696Gly),5087,missense,PM2_Supporting+PS3,5,3,0.02,expected_vus_single_strong_evidence
PS3_but_VUS,BRCA1,c.5090G>A,p.(Cys1697Tyr),5090,missense,PM2_Supporting+PS3,5,3,0.03,expected_vus_single_strong_evidence
PS3_but_VUS,BRCA1,c.5090G>T,p.(Cys1697Phe),5090,missense,PM2_Supporting+PS3,5,3,0.0,expected_vus_single_strong_evidence
PS3_but_VUS,BRCA1,c.5091T>G,p.(Cys1697Trp),5091,missense,PM2_Supporting+PS3,5,3,0.08,expected_vus_single_strong_evidence
PS3_but_VUS,BRCA1,c.5095C>T,p.(Arg1699Trp),5095,missense,PS3,4,3,0.14,expected_vus_single_strong_evidence
PS3_but_VUS,BRCA1,c.5096G>A,p.(Arg1699Gln),5096,missense,PS3,4,3,0.15,expected_vus_single_strong_evidence
PS3_but_VUS,BRCA1,c.5096G>T,p.(Arg1699Leu),5096,missense,PM2_Supporting+PS3,5,3,0.19,expected_vus_single_strong_evidence
PS3_but_VUS,BRCA1,c.5098A>C,p.(Thr1700Pro),5098,missense,PM2_Supporting+PS3,5,3,0.03,expected_vus_single_strong_evidence
PS3_but_VUS,BRCA1,c.5098A>G,p.(Thr1700Ala),5098,missense,PM2_Supporting+PS3,5,3,0.14,expected_vus_single_strong_evidence
PS3_but_VUS,BRCA1,c.5099C>A,p.(Thr1700Lys),5099,missense,PM2_Supporting+PS3,5,3,0.03,expected_vus_single_strong_evidence
PS3_but_VUS,BRCA1,c.5099C>G,p.(Thr1700Arg),5099,missense,PM2_Supporting+PS3,5,3,0.0,expected_vus_single_strong_evidence
PS3_but_VUS,BRCA1,c.5099C>T,p.(Thr1700Ile),5099,missense,PM2_Supporting+PS3,5,3,0.02,expected_vus_single_strong_evidence
PS3_but_VUS,BRCA1,c.5104A>C,p.(Lys1702Gln),5104,missense,PM2_Supporting+PS3,5,3,0.05,expected_vus_single_strong_evidence
PS3_but_VUS,BRCA1,c.5104A>G,p.(Lys1702Glu),5104,missense,PM2_Supporting+PS3,5,3,0.11,expected_vus_single_strong_evidence
PS3_but_VUS,BRCA1,c.5105A>C,p.(Lys1702Thr),5105,missense,PM2_Supporting+PS3,5,3,0.04,expected_vus_single_strong_evidence
PS3_but_VUS,BRCA1,c.5105A>G,p.(Lys1702Arg),5105,missense,PM2_Supporting+PS3,5,3,0.06,expected_vus_single_strong_evidence
PS3_but_VUS,BRCA1,c.5105A>T,p.(Lys1702Ile),5105,missense,PM2_Supporting+PS3,5,3,0.07,expected_vus_single_strong_evidence
PS3_but_VUS,BRCA1,c.5106A>C,p.(Lys1702Asn),5106,missense,PM2_Supporting+PS3,5,3,0.04,expected_vus_single_strong_evidence
PS3_but_VUS,BRCA1,c.5106A>T,p.(Lys1702Asn),5106,missense,PM2_Supporting+PS3,5,3,0.04,expected_vus_single_strong_evidence
PS3_but_VUS,BRCA1,c.5107T>A,p.(Tyr1703Asn),5107,missense,PM2_Supporting+PS3,5,3,0.05,expected_vus_single_strong_evidence
PS3_but_VUS,BRCA1,c.5107T>C,p.(Tyr1703His),5107,missense,PM2_Supporting+PS3,5,3,0.05,expected_vus_single_strong_evidence
PS3_but_VUS,BRCA1,c.5107T>G,p.(Tyr1703Asp),5107,missense,PM2_Supporting+PS3,5,3,0.07,expected_vus_single_strong_evidence
PS3_but_VUS,BRCA1,c.5108A>C,p.(Tyr1703Ser),5108,missense,PM2_Supporting+PS3,5,3,0.06,expected_vus_single_strong_evidence
PS3_but_VUS,BRCA1,c.5108A>G,p.(Tyr1703Cys),5108,missense,PM2_Supporting+PS3,5,3,0.03,expected_vus_single_strong_evidence
PS3_but_VUS,BRCA1,c.5110T>A,p.(Phe1704Ile),5110,missense,PM2_Supporting+PS3,5,3,0.03,expected_vus_single_strong_evidence
PS3_but_VUS,BRCA1,c.5110T>C,p.(Phe1704Leu),5110,missense,PM2_Supporting+PS3,5,3,0.13,expected_vus_single_strong_evidence
PS3_but_VUS,BRCA1,c.5110T>G,p.(Phe1704Val),5110,missense,PM2_Supporting+PS3,5,3,0.05,expected_vus_single_strong_evidence
PS3_but_VUS,BRCA1,c.5111T>A,p.(Phe1704Tyr),5111,missense,PM2_Supporting+PS3,5,3,0.02,expected_vus_single_strong_evidence
PS3_but_VUS,BRCA1,c.5111T>C,p.(Phe1704Ser),5111,missense,PM2_Supporting+PS3,5,3,0.06,expected_vus_single_strong_evidence
PS3_but_VUS,BRCA1,c.5111T>G,p.(Phe1704Cys),5111,missense,PM2_Supporting+PS3,5,3,0.04,expected_vus_single_strong_evidence
PS3_but_VUS,BRCA1,c.5112T>A,p.(Phe1704Leu),5112,missense,PM2_Supporting+PS3,5,3,0.01,expected_vus_single_strong_evidence
PS3_but_VUS,BRCA1,c.5112T>G,p.(Phe1704Leu),5112,missense,PM2_Supporting+PS3,5,3,0.02,expected_vus_single_strong_evidence
PS3_but_VUS,BRCA1,c.5114T>C,p.(Leu1705Pro),5114,missense,PM2_Supporting+PS3,5,3,0.15,expected_vus_single_strong_evidence
PS3_but_VUS,BRCA1,c.5116G>A,p.(Gly1706Arg),5116,missense,PM2_Supporting+PS3,5,3,0.06,expected_vus_single_strong_evidence
PS3_but_VUS,BRCA1,c.5116G>C,p.(Gly1706Arg),5116,missense,PM2_Supporting+PS3,5,3,0.16,expected_vus_single_strong_evidence
PS3_but_VUS,BRCA1,c.5117G>T,p.(Gly1706Val),5117,missense,PM2_Supporting+PS3,5,3,0.07,expected_vus_single_strong_evidence
PS3_but_VUS,BRCA1,c.5119A>T,p.(Ile1707Phe),5119,missense,PM2_Supporting+PS3,5,3,0.01,expected_vus_single_strong_evidence
PS3_but_VUS,BRCA1,c.5120T>G,p.(Ile1707Ser),5120,missense,PM2_Supporting+PS3,5,3,0.03,expected_vus_single_strong_evidence
PS3_but_VUS,BRCA1,c.5122G>A,p.(Ala1708Thr),5122,missense,PS3,4,3,0.01,expected_vus_single_strong_evidence
PS3_but_VUS,BRCA1,c.5122G>C,p.(Ala1708Pro),5122,missense,PM2_Supporting+PS3,5,3,0.08,expected_vus_single_strong_evidence
PS3_but_VUS,BRCA1,c.5123C>A,p.(Ala1708Glu),5123,missense,PP3+PS3,5,3,0.22,vus_with_ps3_and_extra_context
PS3_but_VUS,BRCA1,c.5123C>G,p.(Ala1708Gly),5123,missense,PP3+PS3,5,3,0.4,vus_with_ps3_and_extra_context
PS3_but_VUS,BRCA1,c.5126G>T,p.(Gly1709Val),5126,missense,PM2_Supporting+PS3,5,3,0.1,expected_vus_single_strong_evidence
PS3_but_VUS,BRCA1,c.5131A>G,p.(Lys1711Glu),5131,missense,PM2_Supporting+PS3,5,3,0.05,expected_vus_single_strong_evidence
PS3_but_VUS,BRCA1,c.5134T>G,p.(Trp1712Gly),5134,missense,PM2_Supporting+PS3,5,3,0.03,expected_vus_single_strong_evidence
PS3_but_VUS,BRCA1,c.5138T>A,p.(Val1713Glu),5138,missense,PM2_Supporting+PS3,5,3,0.09,expected_vus_single_strong_evidence
PS3_but_VUS,BRCA1,c.5138T>C,p.(Val1713Ala),5138,missense,PS3,4,3,0.09,expected_vus_single_strong_evidence
PS3_but_VUS,BRCA1,c.5138T>G,p.(Val1713Gly),5138,missense,PM2_Supporting+PS3,5,3,0.08,expected_vus_single_strong_evidence
pathogenic_and_benign_evidence;PP3_with_BS3,BRCA1,c.5140G>A,p.(Val1714Ile),5140,missense,BS3+PM2_Supporting+PP3,-2,2,0.34,benign_functional_overrides_pp3_signal
PS3_but_VUS,BRCA1,c.5140G>T,p.(Val1714Phe),5140,missense,PM2_Supporting+PS3,5,3,0.05,expected_vus_single_strong_evidence
PS3_but_VUS,BRCA1,c.5141T>A,p.(Val1714Asp),5141,missense,PM2_Supporting+PS3,5,3,0.02,expected_vus_single_strong_evidence
PS3_but_VUS,BRCA1,c.5143A>T,p.(Ser1715Cys),5143,missense,PM2_Supporting+PS3,5,3,0.07,expected_vus_single_strong_evidence
PS3_but_VUS,BRCA1,c.5144G>T,p.(Ser1715Ile),5144,missense,PM2_Supporting+PS3,5,3,0.08,expected_vus_single_strong_evidence
PS3_but_VUS,BRCA1,c.5145C>A,p.(Ser1715Arg),5145,missense,PM2_Supporting+PS1+PS3,9,3,0.03,vus_with_ps3_and_extra_context
PS3_but_VUS,BRCA1,c.5145C>G,p.(Ser1715Arg),5145,missense,PM2_Supporting+PS3,5,3,0.16,expected_vus_single_strong_evidence
PS3_but_VUS,BRCA1,c.5152T>A,p.(Trp1718Arg),5152,missense,PM2_Supporting+PS3,5,3,0.02,expected_vus_single_strong_evidence
PS3_but_VUS,BRCA1,c.5152T>C,p.(Trp1718Arg),5152,missense,PM2_Supporting+PS3,5,3,0.04,expected_vus_single_strong_evidence
PS3_but_VUS,BRCA1,c.5152T>G,p.(Trp1718Gly),5152,missense,PM2_Supporting+PS3,5,3,0.09,expected_vus_single_strong_evidence
PS3_but_VUS,BRCA1,c.5153G>T,p.(Trp1718Leu),5153,missense,PM2_Supporting+PS3,5,3,0.07,expected_vus_single_strong_evidence
PS3_but_VUS,BRCA1,c.5154G>C,p.(Trp1718Cys),5154,missense,PM2_Supporting+PS3,5,3,0.01,expected_vus_single_strong_evidence
PS3_but_VUS,BRCA1,c.5154G>T,p.(Trp1718Cys),5154,missense,PM2_Supporting+PS3,5,3,0.01,expected_vus_single_strong_evidence
PS3_but_VUS,BRCA1,c.5156T>A,p.(Val1719Glu),5156,missense,PS3,4,3,0.0,expected_vus_single_strong_evidence
PS3_but_VUS,BRCA1,c.5156T>G,p.(Val1719Gly),5156,missense,PM2_Supporting+PS3,5,3,0.01,expected_vus_single_strong_evidence
PS3_but_VUS,BRCA1,c.5162A>C,p.(Gln1721Pro),5162,missense,PM2_Supporting+PS3,5,3,0.0,expected_vus_single_strong_evidence
PS3_but_VUS,BRCA1,c.5164T>C,p.(Ser1722Pro),5164,missense,PM2_Supporting+PS3,5,3,0.01,expected_vus_single_strong_evidence
PS3_but_VUS,BRCA1,c.5191G>A,p.(Glu1731Lys),5191,missense,PM2_Supporting+PS3,5,3,0.01,expected_vus_single_strong_evidence
pathogenic_and_benign_evidence;PP3_with_BS3,BRCA1,c.5196T>A,p.(His1732Gln),5196,missense,BS3+PM2_Supporting+PP3,-2,2,0.71,benign_functional_overrides_pp3_signal
pathogenic_and_benign_evidence;PP3_with_BS3,BRCA1,c.5196T>G,p.(His1732Gln),5196,missense,BS3+PM2_Supporting+PP3,-2,2,0.99,benign_functional_overrides_pp3_signal
PS3_but_VUS,BRCA1,c.5200T>A,p.(Phe1734Ile),5200,missense,PM2_Supporting+PS3,5,3,0.0,expected_vus_single_strong_evidence
PS3_but_VUS,BRCA1,c.5200T>C,p.(Phe1734Leu),5200,missense,PM2_Supporting+PS3,5,3,0.0,expected_vus_single_strong_evidence
PS3_but_VUS,BRCA1,c.5200T>G,p.(Phe1734Val),5200,missense,PM2_Supporting+PS3,5,3,0.0,expected_vus_single_strong_evidence
PS3_but_VUS,BRCA1,c.5201T>G,p.(Phe1734Cys),5201,missense,PM2_Supporting+PS3,5,3,0.0,expected_vus_single_strong_evidence
PS3_but_VUS,BRCA1,c.5202T>A,p.(Phe1734Leu),5202,missense,PM2_Supporting+PS3,5,3,0.03,expected_vus_single_strong_evidence
PS3_but_VUS,BRCA1,c.5202T>G,p.(Phe1734Leu),5202,missense,PM2_Supporting+PS3,5,3,0.0,expected_vus_single_strong_evidence
PS3_but_VUS,BRCA1,c.5204A>G,p.(Glu1735Gly),5204,missense,PM2_Supporting+PS3,5,3,0.0,expected_vus_single_strong_evidence
PS3_but_VUS,BRCA1,c.5205A>T,p.(Glu1735Asp),5205,missense,PM2_Supporting+PS3,5,3,0.0,expected_vus_single_strong_evidence
PS3_but_VUS,BRCA1,c.5206G>C,p.(Val1736Leu),5206,missense,PM2_Supporting+PS3,5,3,0.0,expected_vus_single_strong_evidence
PS3_but_VUS,BRCA1,c.5206G>T,p.(Val1736Phe),5206,missense,PM2_Supporting+PS3,5,3,0.0,expected_vus_single_strong_evidence
PS3_but_VUS,BRCA1,c.5207T>A,p.(Val1736Asp),5207,missense,PM2_Supporting+PS3,5,3,0.0,expected_vus_single_strong_evidence
PS3_but_VUS,BRCA1,c.5207T>G,p.(Val1736Gly),5207,missense,PM2_Supporting+PP4+PS3,9,3,0.0,vus_with_ps3_and_extra_context
PS3_but_VUS,BRCA1,c.5212G>C,p.(Gly1738Arg),5212,missense,PM2_Supporting+PS1+PS3,9,3,0.0,vus_with_ps3_and_extra_context
PS3_but_VUS,BRCA1,c.5213G>C,p.(Gly1738Ala),5213,missense,PM2_Supporting+PS3,5,3,0.0,expected_vus_single_strong_evidence
PS3_but_VUS,BRCA1,c.5213G>T,p.(Gly1738Val),5213,missense,PM2_Supporting+PS3,5,3,0.0,expected_vus_single_strong_evidence
PS3_but_VUS,BRCA1,c.5215G>C,p.(Asp1739His),5215,missense,PM2_Supporting+PS3,5,3,0.0,expected_vus_single_strong_evidence
PS3_but_VUS,BRCA1,c.5215G>T,p.(Asp1739Tyr),5215,missense,PM2_Supporting+PS3,5,3,0.0,expected_vus_single_strong_evidence
PS3_but_VUS,BRCA1,c.5216A>C,p.(Asp1739Ala),5216,missense,PM2_Supporting+PS3,5,3,0.0,expected_vus_single_strong_evidence
PS3_but_VUS,BRCA1,c.5217T>G,p.(Asp1739Glu),5217,missense,PM2_Supporting+PS3,5,3,0.0,expected_vus_single_strong_evidence
PS3_but_VUS,BRCA1,c.5222T>G,p.(Val1741Gly),5222,missense,PM2_Supporting+PS3,5,3,0.0,expected_vus_single_strong_evidence
PS3_but_VUS,BRCA1,c.5228G>A,p.(Gly1743Glu),5228,missense,PM2_Supporting+PS3,5,3,0.0,expected_vus_single_strong_evidence
PS3_but_VUS,BRCA1,c.5228G>T,p.(Gly1743Val),5228,missense,PM2_Supporting+PS3,5,3,0.0,expected_vus_single_strong_evidence
PS3_but_VUS,BRCA1,c.5236C>G,p.(His1746Asp),5236,missense,PM2_Supporting+PS3,5,3,0.0,expected_vus_single_strong_evidence
PS3_but_VUS,BRCA1,c.5236C>T,p.(His1746Tyr),5236,missense,PM2_Supporting+PS3,5,3,0.0,expected_vus_single_strong_evidence
PS3_but_VUS,BRCA1,c.5237A>C,p.(His1746Pro),5237,missense,PM2_Supporting+PS3,5,3,0.0,expected_vus_single_strong_evidence
PS3_but_VUS,BRCA1,c.5240A>C,p.(Gln1747Pro),5240,missense,PM2_Supporting+PS3,5,3,0.0,expected_vus_single_strong_evidence
PS3_but_VUS,BRCA1,c.5242G>C,p.(Gly1748Arg),5242,missense,PM2_Supporting+PS3,5,3,0.0,expected_vus_single_strong_evidence
PS3_but_VUS,BRCA1,c.5242G>T,p.(Gly1748Cys),5242,missense,PM2_Supporting+PS3,5,3,0.0,expected_vus_single_strong_evidence
PS3_but_VUS,BRCA1,c.5245C>T,p.(Pro1749Ser),5245,missense,PM2_Supporting+PS3,5,3,0.0,expected_vus_single_strong_evidence
PS3_but_VUS,BRCA1,c.5246C>A,p.(Pro1749Gln),5246,missense,PM2_Supporting+PS3,5,3,0.0,expected_vus_single_strong_evidence
PS3_but_VUS,BRCA1,c.5246C>G,p.(Pro1749Arg),5246,missense,PM2_Supporting+PS3,5,3,0.0,expected_vus_single_strong_evidence
PS3_but_VUS,BRCA1,c.5246C>T,p.(Pro1749Leu),5246,missense,PM2_Supporting+PS3,5,3,0.0,expected_vus_single_strong_evidence
PS3_but_VUS,BRCA1,c.5251C>G,p.(Arg1751Gly),5251,missense,PM2_Supporting+PS3,5,3,0.0,expected_vus_single_strong_evidence
PS3_but_VUS,BRCA1,c.5252G>C,p.(Arg1751Pro),5252,missense,PM2_Supporting+PS3,5,3,0.0,expected_vus_single_strong_evidence
PS3_but_VUS,BRCA1,c.5254G>A,p.(Ala1752Thr),5254,missense,PM2_Supporting+PS3,5,3,0.0,expected_vus_single_strong_evidence
PS3_but_VUS,BRCA1,c.5254G>C,p.(Ala1752Pro),5254,missense,PM2_Supporting+PS3,5,3,0.0,expected_vus_single_strong_evidence
PS3_but_VUS,BRCA1,c.5255C>T,p.(Ala1752Val),5255,missense,PM2_Supporting+PS3,5,3,0.07,expected_vus_single_strong_evidence
PS3_but_VUS,BRCA1,c.5257A>G,p.(Arg1753Gly),5257,missense,PM2_Supporting+PS3,5,3,0.0,expected_vus_single_strong_evidence
PS3_but_VUS,BRCA1,c.5258G>A,p.(Arg1753Lys),5258,missense,PM2_Supporting+PS3,5,3,0.0,expected_vus_single_strong_evidence
PS3_but_VUS,BRCA1,c.5258G>T,p.(Arg1753Ile),5258,missense,PM2_Supporting+PS3,5,3,0.0,expected_vus_single_strong_evidence
PS3_but_VUS,BRCA1,c.5259A>C,p.(Arg1753Ser),5259,missense,PM2_Supporting+PS3,5,3,0.0,expected_vus_single_strong_evidence
PS3_but_VUS,BRCA1,c.5259A>T,p.(Arg1753Ser),5259,missense,PM2_Supporting+PS3,5,3,0.0,expected_vus_single_strong_evidence
pathogenic_and_benign_evidence;PP3_with_BS3,BRCA1,c.5270A>T,p.(Asp1757Val),5270,missense,BS3+PM2_Supporting+PP3,-2,2,0.69,benign_functional_overrides_pp3_signal
pathogenic_and_benign_evidence;PP3_with_BS3,BRCA1,c.5277G>C,p.(Lys1759Asn),5277,missense,BS3+PM2_Supporting+PP3,-2,2,0.24,benign_functional_overrides_pp3_signal
pathogenic_and_benign_evidence;PP3_with_BS3,BRCA1,c.5277G>T,p.(Lys1759Asn),5277,missense,BS3+PM2_Supporting+PP3,-2,2,0.28,benign_functional_overrides_pp3_signal
PS3_but_VUS,BRCA1,c.5279T>A,p.(Ile1760Asn),5279,missense,PM2_Supporting+PS3,5,3,0.02,expected_vus_single_strong_evidence
PS3_but_VUS,BRCA1,c.5279T>C,p.(Ile1760Thr),5279,missense,PM2_Supporting+PS3,5,3,0.02,expected_vus_single_strong_evidence
PS3_but_VUS,BRCA1,c.5279T>G,p.(Ile1760Ser),5279,missense,PM2_Supporting+PS3,5,3,0.03,expected_vus_single_strong_evidence
PS3_but_VUS,BRCA1,c.5281T>A,p.(Phe1761Ile),5281,missense,PM2_Supporting+PS3,5,3,0.01,expected_vus_single_strong_evidence
PS3_but_VUS,BRCA1,c.5281T>G,p.(Phe1761Val),5281,missense,PM2_Supporting+PS3,5,3,0.0,expected_vus_single_strong_evidence
PS3_but_VUS,BRCA1,c.5282T>C,p.(Phe1761Ser),5282,missense,PM2_Supporting+PS3,5,3,0.0,expected_vus_single_strong_evidence
PS3_but_VUS,BRCA1,c.5282T>G,p.(Phe1761Cys),5282,missense,PM2_Supporting+PS3,5,3,0.01,expected_vus_single_strong_evidence
PS3_but_VUS,BRCA1,c.5288G>T,p.(Gly1763Val),5288,missense,PM2_Supporting+PS3,5,3,0.01,expected_vus_single_strong_evidence
PS3_but_VUS,BRCA1,c.5291T>A,p.(Leu1764Gln),5291,missense,PM2_Supporting+PS3,5,3,0.01,expected_vus_single_strong_evidence
PS3_but_VUS,BRCA1,c.5297T>A,p.(Ile1766Asn),5297,missense,PM2_Supporting+PS3,5,3,0.0,expected_vus_single_strong_evidence
PS3_but_VUS,BRCA1,c.5297T>C,p.(Ile1766Thr),5297,missense,PM2_Supporting+PS3,5,3,0.0,expected_vus_single_strong_evidence
PS3_but_VUS,BRCA1,c.5303G>T,p.(Cys1768Phe),5303,missense,PM2_Supporting+PS3,5,3,0.0,expected_vus_single_strong_evidence
PS3_but_VUS,BRCA1,c.5304C>G,p.(Cys1768Trp),5304,missense,PM2_Supporting+PS3,5,3,0.0,expected_vus_single_strong_evidence
PS3_but_VUS,BRCA1,c.5305T>G,p.(Tyr1769Asp),5305,missense,PM2_Supporting+PS3,5,3,0.01,expected_vus_single_strong_evidence
PS3_but_VUS,BRCA1,c.5308G>C,p.(Gly1770Arg),5308,missense,PM2_Supporting+PS3,5,3,0.0,expected_vus_single_strong_evidence
PS3_but_VUS,BRCA1,c.5308G>T,p.(Gly1770Trp),5308,missense,PM2_Supporting+PS3,5,3,0.02,expected_vus_single_strong_evidence
PS3_but_VUS,BRCA1,c.5323A>G,p.(Met1775Val),5323,missense,PM2_Supporting+PS3,5,3,0.0,expected_vus_single_strong_evidence
pathogenic_and_benign_evidence;PP3_with_BS3,BRCA1,c.5337A>G,p.(Gln1779=),5337,synonymous,BS3+PM2_Supporting+PP3,-2,2,0.29,benign_functional_overrides_pp3_signal
PS3_but_VUS,BRCA1,c.5339T>C,p.(Leu1780Pro),5339,missense,PS3,4,3,0.0,expected_vus_single_strong_evidence
PS3_but_VUS,BRCA1,c.5339T>G,p.(Leu1780Arg),5339,missense,PM2_Supporting+PS3,5,3,0.0,expected_vus_single_strong_evidence
PS3_but_VUS,BRCA1,c.5348T>A,p.(Met1783Lys),5348,missense,PM2_Supporting+PS3,5,3,0.0,expected_vus_single_strong_evidence
PS3_but_VUS,BRCA1,c.5348T>G,p.(Met1783Arg),5348,missense,PM2_Supporting+PS3,5,3,0.01,expected_vus_single_strong_evidence
PS3_but_VUS,BRCA1,c.5351T>A,p.(Val1784Glu),5351,missense,PM2_Supporting+PS3,5,3,0.0,expected_vus_single_strong_evidence
PS3_but_VUS,BRCA1,c.5354A>C,p.(Gln1785Pro),5354,missense,PM2_Supporting+PS3,5,3,0.0,expected_vus_single_strong_evidence
PS3_but_VUS,BRCA1,c.5357T>C,p.(Leu1786Pro),5357,missense,PP4+PS3,8,3,0.0,vus_with_ps3_and_extra_context
PS3_but_VUS,BRCA1,c.5359T>C,p.(Cys1787Arg),5359,missense,PM2_Supporting+PS3,5,3,0.0,expected_vus_single_strong_evidence
PS3_but_VUS,BRCA1,c.5360G>A,p.(Cys1787Tyr),5360,missense,PM2_Supporting+PS3,5,3,0.0,expected_vus_single_strong_evidence
pathogenic_and_benign_evidence,BRCA1,c.5360G>C,p.(Cys1787Ser),5360,missense,BS3+PM2_Supporting+PS1,1,3,0.0,mixed_direction_evidence
PS3_but_VUS,BRCA1,c.5361T>G,p.(Cys1787Trp),5361,missense,PM2_Supporting+PS3,5,3,0.0,expected_vus_single_strong_evidence
PS3_but_VUS,BRCA1,c.5362G>A,p.(Gly1788Ser),5362,missense,PM2_Supporting+PS3,5,3,0.0,expected_vus_single_strong_evidence
PS3_but_VUS,BRCA1,c.5362G>C,p.(Gly1788Arg),5362,missense,PM2_Supporting+PS3,5,3,0.0,expected_vus_single_strong_evidence
PS3_but_VUS,BRCA1,c.5362G>T,p.(Gly1788Cys),5362,missense,PM2_Supporting+PS3,5,3,0.0,expected_vus_single_strong_evidence
PS3_but_VUS,BRCA1,c.5363G>C,p.(Gly1788Ala),5363,missense,PM2_Supporting+PS3,5,3,0.0,expected_vus_single_strong_evidence
PS3_but_VUS,BRCA1,c.5363G>T,p.(Gly1788Val),5363,missense,PS3,4,3,0.0,expected_vus_single_strong_evidence
PS3_but_VUS,BRCA1,c.5365G>A,p.(Ala1789Thr),5365,missense,PS3,4,3,0.0,expected_vus_single_strong_evidence
PS3_but_VUS,BRCA1,c.5365G>C,p.(Ala1789Pro),5365,missense,PM2_Supporting+PS3,5,3,0.0,expected_vus_single_strong_evidence
PS3_but_VUS,BRCA1,c.5366C>A,p.(Ala1789Asp),5366,missense,PM2_Supporting+PS3,5,3,0.0,expected_vus_single_strong_evidence
PS3_but_VUS,BRCA1,c.5366C>T,p.(Ala1789Val),5366,missense,PM2_Supporting+PS3,5,3,0.0,expected_vus_single_strong_evidence
PS3_but_VUS,BRCA1,c.5420T>A,p.(Ile1807Asn),5420,missense,PM2_Supporting+PS3,5,3,0.02,expected_vus_single_strong_evidence
PS3_but_VUS,BRCA1,c.5420T>G,p.(Ile1807Ser),5420,missense,PM2_Supporting+PS3,5,3,0.04,expected_vus_single_strong_evidence
PS3_but_VUS,BRCA1,c.5423T>G,p.(Val1808Gly),5423,missense,PM2_Supporting+PS3,5,3,0.12,expected_vus_single_strong_evidence
PS3_but_VUS,BRCA1,c.5425G>T,p.(Val1809Phe),5425,missense,PM2_Supporting+PS3,5,3,0.14,expected_vus_single_strong_evidence
PS3_but_VUS,BRCA1,c.5426T>A,p.(Val1809Asp),5426,missense,PM2_Supporting+PS3,5,3,0.09,expected_vus_single_strong_evidence
PS3_but_VUS,BRCA1,c.5426T>C,p.(Val1809Ala),5426,missense,PM2_Supporting+PS3,5,3,0.06,expected_vus_single_strong_evidence
PS3_but_VUS,BRCA1,c.5426T>G,p.(Val1809Gly),5426,missense,PM2_Supporting+PS3,5,3,0.04,expected_vus_single_strong_evidence
PS3_but_VUS,BRCA1,c.5429T>A,p.(Val1810Glu),5429,missense,PM2_Supporting+PS3,5,3,0.02,expected_vus_single_strong_evidence
PS3_but_VUS,BRCA1,c.5430G>C,p.(Val1810=),5430,synonymous,PM2_Supporting+PS3,5,3,0.0,expected_vus_single_strong_evidence
PS3_but_VUS,BRCA1,c.5431C>A,p.(Gln1811Lys),5431,missense,PM2_Supporting+PS3,5,3,0.06,expected_vus_single_strong_evidence
PS3_but_VUS,BRCA1,c.5432A>C,p.(Gln1811Pro),5432,missense,PM2_Supporting+PS3,5,3,0.04,expected_vus_single_strong_evidence
PS3_but_VUS,BRCA1,c.5432A>G,p.(Gln1811Arg),5432,missense,PM2_Supporting+PS3,5,3,0.03,expected_vus_single_strong_evidence
PS3_but_VUS,BRCA1,c.5432A>T,p.(Gln1811Leu),5432,missense,PM2_Supporting+PS3,5,3,0.03,expected_vus_single_strong_evidence
PS3_but_VUS,BRCA1,c.5434C>G,p.(Pro1812Ala),5434,missense,PS3,4,3,0.18,expected_vus_single_strong_evidence
pathogenic_and_benign_evidence;PP3_with_BS3,BRCA1,c.5438A>G,p.(Asp1813Gly),5438,missense,BS3+PM2_Supporting+PP3,-2,2,0.22,benign_functional_overrides_pp3_signal
PS3_but_VUS,BRCA1,c.5441C>G,p.(Ala1814Gly),5441,missense,PM2_Supporting+PS3,5,3,0.02,expected_vus_single_strong_evidence
PS3_but_VUS,BRCA1,c.5444G>C,p.(Trp1815Ser),5444,missense,PS3,4,3,0.03,expected_vus_single_strong_evidence
PS3_but_VUS,BRCA1,c.5445G>C,p.(Trp1815Cys),5445,missense,PM2_Supporting+PS3,5,3,0.02,expected_vus_single_strong_evidence
PS3_but_VUS,BRCA1,c.5445G>T,p.(Trp1815Cys),5445,missense,PM2_Supporting+PS3,5,3,0.08,expected_vus_single_strong_evidence
pathogenic_and_benign_evidence;PP3_with_BS3,BRCA1,c.5450A>G,p.(Glu1817Gly),5450,missense,BS3+PM2_Supporting+PP3,-2,2,0.33,benign_functional_overrides_pp3_signal
pathogenic_and_benign_evidence;PP3_with_BS3,BRCA1,c.5452G>T,p.(Asp1818Tyr),5452,missense,BS3+PM2_Supporting+PP3,-2,2,0.21,benign_functional_overrides_pp3_signal
pathogenic_and_benign_evidence;PP3_with_BS3,BRCA1,c.5453A>C,p.(Asp1818Ala),5453,missense,BS3+PM2_Supporting+PP3,-2,2,0.22,benign_functional_overrides_pp3_signal
pathogenic_and_benign_evidence;PS3_but_VUS,BRCA1,c.5453A>G,p.(Asp1818Gly),5453,missense,BP5+PM2_Supporting+PP3+PS3,4,3,0.35,vus_with_ps3_and_extra_context
pathogenic_and_benign_evidence;PP3_with_BS3,BRCA1,c.5453A>T,p.(Asp1818Val),5453,missense,BS3+PM2_Supporting+PP3,-2,2,0.28,benign_functional_overrides_pp3_signal
pathogenic_and_benign_evidence;PP3_with_BS3,BRCA1,c.5470A>G,p.(Ile1824Val),5470,missense,BS3+PM2_Supporting+PP3,-2,2,0.93,benign_functional_overrides_pp3_signal
pathogenic_and_benign_evidence;PP3_with_BS3,BRCA1,c.5471T>G,p.(Ile1824Ser),5471,missense,BS3+PM2_Supporting+PP3,-2,2,0.25,benign_functional_overrides_pp3_signal
pathogenic_and_benign_evidence;PP3_with_BS3,BRCA1,c.5472T>A,p.(Ile1824=),5472,synonymous,BS3+PM2_Supporting+PP3,-2,2,0.23,benign_functional_overrides_pp3_signal
PS3_but_VUS,BRCA1,c.5472T>G,p.(Ile1824Met),5472,missense,PM2_Supporting+PS3,5,3,0.01,expected_vus_single_strong_evidence
PS3_but_VUS,BRCA1,c.5495T>G,p.(Val1832Gly),5495,missense,PM2_Supporting+PS3,5,3,0.01,expected_vus_single_strong_evidence
PS3_but_VUS,BRCA1,c.5498T>A,p.(Val1833Glu),5498,missense,PM2_Supporting+PS3,5,3,0.0,expected_vus_single_strong_evidence
PS3_but_VUS,BRCA1,c.5498T>G,p.(Val1833Gly),5498,missense,PM2_Supporting+PS3,5,3,0.01,expected_vus_single_strong_evidence
PS3_but_VUS,BRCA1,c.5503C>G,p.(Arg1835Gly),5503,missense,PM2_Supporting+PS3,5,3,0.0,expected_vus_single_strong_evidence
PS3_but_VUS,BRCA1,c.5507A>T,p.(Glu1836Val),5507,missense,PM2_Supporting+PS3,5,3,0.0,expected_vus_single_strong_evidence
PS3_but_VUS,BRCA1,c.5509T>A,p.(Trp1837Arg),5509,missense,PM2_Supporting+PS1+PS3,9,3,0.0,vus_with_ps3_and_extra_context
PS3_but_VUS,BRCA1,c.5510G>C,p.(Trp1837Ser),5510,missense,PM2_Supporting+PS3,5,3,0.0,expected_vus_single_strong_evidence
PS3_but_VUS,BRCA1,c.5510G>T,p.(Trp1837Leu),5510,missense,PM2_Supporting+PS3,5,3,0.0,expected_vus_single_strong_evidence
PS3_but_VUS,BRCA1,c.5511G>C,p.(Trp1837Cys),5511,missense,PM2_Supporting+PS3,5,3,0.0,expected_vus_single_strong_evidence
PS3_but_VUS,BRCA1,c.5511G>T,p.(Trp1837Cys),5511,missense,PM2_Supporting+PS3,5,3,0.0,expected_vus_single_strong_evidence
PS3_but_VUS,BRCA1,c.5513T>G,p.(Val1838Gly),5513,missense,PM2_Supporting+PS3,5,3,0.01,expected_vus_single_strong_evidence
PS3_but_VUS,BRCA1,c.5515T>G,p.(Leu1839Val),5515,missense,PM2_Supporting+PS3,5,3,0.0,expected_vus_single_strong_evidence
PS3_but_VUS,BRCA1,c.5519A>G,p.(Asp1840Gly),5519,missense,PM2_Supporting+PS3,5,3,0.0,expected_vus_single_strong_evidence
PS3_but_VUS,BRCA1,c.5519A>T,p.(Asp1840Val),5519,missense,PM2_Supporting+PS3,5,3,0.0,expected_vus_single_strong_evidence
PS3_but_VUS,BRCA1,c.5520C>G,p.(Asp1840Glu),5520,missense,PM2_Supporting+PS3,5,3,0.0,expected_vus_single_strong_evidence
PS3_but_VUS,BRCA1,c.5521A>C,p.(Ser1841Arg),5521,missense,PM2_Supporting+PS3,5,3,0.0,expected_vus_single_strong_evidence
PS3_but_VUS,BRCA1,c.5522G>C,p.(Ser1841Thr),5522,missense,PM2_Supporting+PS3,5,3,0.0,expected_vus_single_strong_evidence
PS3_but_VUS,BRCA1,c.5522G>T,p.(Ser1841Ile),5522,missense,PM2_Supporting+PS3,5,3,0.0,expected_vus_single_strong_evidence
PS3_but_VUS,BRCA1,c.5523T>A,p.(Ser1841Arg),5523,missense,PM2_Supporting+PS3,5,3,0.0,expected_vus_single_strong_evidence
PS3_but_VUS,BRCA1,c.5523T>G,p.(Ser1841Arg),5523,missense,PM2_Supporting+PS3,5,3,0.0,expected_vus_single_strong_evidence
PS3_but_VUS,BRCA1,c.5525T>A,p.(Val1842Glu),5525,missense,PM2_Supporting+PS3,5,3,0.0,expected_vus_single_strong_evidence
PS3_but_VUS,BRCA1,c.5525T>C,p.(Val1842Ala),5525,missense,PM2_Supporting+PS3,5,3,0.0,expected_vus_single_strong_evidence
PS3_but_VUS,BRCA1,c.5525T>G,p.(Val1842Gly),5525,missense,PM2_Supporting+PS3,5,3,0.0,expected_vus_single_strong_evidence
PS3_but_VUS,BRCA1,c.5527G>C,p.(Ala1843Pro),5527,missense,PM2_Supporting+PS3,5,3,0.0,expected_vus_single_strong_evidence
PS3_but_VUS,BRCA1,c.5528C>A,p.(Ala1843Glu),5528,missense,PM2_Supporting+PS3,5,3,0.0,expected_vus_single_strong_evidence
PS3_but_VUS,BRCA1,c.5537A>C,p.(Gln1846Pro),5537,missense,PM2_Supporting+PS3,5,3,0.0,expected_vus_single_strong_evidence
PS3_but_VUS,BRCA1,c.5543A>C,p.(Gln1848Pro),5543,missense,PM2_Supporting+PS3,5,3,0.0,expected_vus_single_strong_evidence
PS3_but_VUS,BRCA1,c.5557T>A,p.(Tyr1853Asn),5557,missense,PM2_Supporting+PS3,5,3,0.0,expected_vus_single_strong_evidence
PS3_but_VUS,BRCA1,c.5557T>C,p.(Tyr1853His),5557,missense,PM2_Supporting+PS3,5,3,0.0,expected_vus_single_strong_evidence
PS3_but_VUS,BRCA1,c.5557T>G,p.(Tyr1853Asp),5557,missense,PM2_Supporting+PS3,5,3,0.0,expected_vus_single_strong_evidence
PS3_but_VUS,BRCA1,c.5558A>C,p.(Tyr1853Ser),5558,missense,PM2_Supporting+PS3,5,3,0.0,expected_vus_single_strong_evidence
PS3_but_VUS,BRCA1,c.5561T>C,p.(Leu1854Pro),5561,missense,PM2_Supporting+PS3,5,3,0.0,expected_vus_single_strong_evidence
PS3_but_VUS,BRCA2,c.91T>G,p.(Trp31Gly),91,missense,PM2_Supporting+PS3,5,3,0.0,expected_vus_single_strong_evidence
PS3_but_VUS,BRCA2,c.92G>T,p.(Trp31Leu),92,missense,PS3,4,3,0.04,expected_vus_single_strong_evidence
PS3_but_VUS,BRCA2,c.93G>T,p.(Trp31Cys),93,missense,PM2_Supporting+PS3,5,3,0.03,expected_vus_single_strong_evidence
pathogenic_and_benign_evidence,BRCA2,c.1763A>G,p.(Asn588Ser),1763,missense,BS1_Supporting+PP3,0,3,0.83,mixed_direction_evidence
pathogenic_and_benign_evidence;PP3_with_BS3,BRCA2,c.6842G>T,p.(Gly2281Val),6842,missense,BS3+PM2_Supporting+PP3,-2,2,0.92,benign_functional_overrides_pp3_signal
pathogenic_and_benign_evidence;PP3_with_BS3,BRCA2,c.6935A>T,p.(Asp2312Val),6935,missense,BP5+BS3+PP3,-11,1,0.22,benign_functional_overrides_pp3_signal
PS3_but_VUS,BRCA2,c.7007G>C,p.(Arg2336Pro),7007,missense,PS3,4,3,0.18,expected_vus_single_strong_evidence
pathogenic_and_benign_evidence;PP3_with_BS3,BRCA2,c.7447A>G,p.(Ser2483Gly),7447,missense,BS1_Supporting+BS3+PP3,-4,2,0.51,benign_functional_overrides_pp3_signal
pathogenic_and_benign_evidence;PP3_with_BS3,BRCA2,c.7448G>A,p.(Ser2483Asn),7448,missense,BP5+BS3+PP3,-5,2,0.35,benign_functional_overrides_pp3_signal
PS3_but_VUS,BRCA2,c.7466A>G,p.(Asp2489Gly),7466,missense,PS3,4,3,0.02,expected_vus_single_strong_evidence
PS3_but_VUS,BRCA2,c.7492A>G,p.(Lys2498Glu),7492,missense,PM2_Supporting+PS3,5,3,0.05,expected_vus_single_strong_evidence
pathogenic_and_benign_evidence,BRCA2,c.7499G>C,p.(Arg2500Thr),7499,missense,BP5+PP3,-1,3,0.28,mixed_direction_evidence
pathogenic_and_benign_evidence,BRCA2,c.7512T>G,p.(Phe2504Leu),7512,missense,BP5+PM2_Supporting+PP3,0,3,0.21,mixed_direction_evidence
PS3_but_VUS,BRCA2,c.7522G>C,p.(Gly2508Arg),7522,missense,PM2_Supporting+PS3,5,3,0.17,expected_vus_single_strong_evidence
PS3_but_VUS,BRCA2,c.7529T>C,p.(Leu2510Pro),7529,missense,PM2_Supporting+PS3,5,3,0.11,expected_vus_single_strong_evidence
PS3_but_VUS,BRCA2,c.7682A>C,p.(Gln2561Pro),7682,missense,PM2_Supporting+PS3,5,3,0.08,expected_vus_single_strong_evidence
PS3_but_VUS,BRCA2,c.7685T>G,p.(Phe2562Cys),7685,missense,PM2_Supporting+PS3,5,3,0.01,expected_vus_single_strong_evidence
PS3_but_VUS,BRCA2,c.7753G>A,p.(Gly2585Arg),7753,missense,PM2_Supporting+PS3,5,3,0.16,expected_vus_single_strong_evidence
PS3_but_VUS,BRCA2,c.7786G>A,p.(Gly2596Arg),7786,missense,PS3,4,3,0.05,expected_vus_single_strong_evidence
PS3_but_VUS,BRCA2,c.7786G>C,p.(Gly2596Arg),7786,missense,PM2_Supporting+PS3,5,3,0.0,expected_vus_single_strong_evidence
PS3_but_VUS,BRCA2,c.7787G>A,p.(Gly2596Glu),7787,missense,PM2_Supporting+PS3,5,3,0.0,expected_vus_single_strong_evidence
PS3_but_VUS,BRCA2,c.7796A>G,p.(Glu2599Gly),7796,missense,PM2_Supporting+PS3,5,3,0.02,expected_vus_single_strong_evidence
PS3_but_VUS,BRCA2,c.7807G>C,p.(Ala2603Pro),7807,missense,PM2_Supporting+PS3,5,3,0.01,expected_vus_single_strong_evidence
PS3_but_VUS,BRCA2,c.7811T>C,p.(Leu2604Pro),7811,missense,PM2_Supporting+PS3,5,3,0.02,expected_vus_single_strong_evidence
PS3_but_VUS,BRCA2,c.7826G>A,p.(Gly2609Asp),7826,missense,PM2_Supporting+PS3,5,3,0.04,expected_vus_single_strong_evidence
PS3_but_VUS,BRCA2,c.7826G>T,p.(Gly2609Val),7826,missense,PM2_Supporting+PS3,5,3,0.01,expected_vus_single_strong_evidence
PS3_but_VUS,BRCA2,c.7832A>G,p.(Asp2611Gly),7832,missense,PS3,4,3,0.1,expected_vus_single_strong_evidence
PS3_but_VUS,BRCA2,c.7847C>T,p.(Ser2616Phe),7847,missense,PM2_Supporting+PS3,5,3,0.05,expected_vus_single_strong_evidence
PS3_but_VUS,BRCA2,c.7855T>G,p.(Trp2619Gly),7855,missense,PM2_Supporting+PS3,5,3,0.07,expected_vus_single_strong_evidence
PS3_but_VUS,BRCA2,c.7856G>C,p.(Trp2619Ser),7856,missense,PM2_Supporting+PS3,5,3,0.06,expected_vus_single_strong_evidence
PS3_but_VUS,BRCA2,c.7857G>C,p.(Trp2619Cys),7857,missense,PM2_Supporting+PS3,5,3,0.17,expected_vus_single_strong_evidence
PS3_but_VUS,BRCA2,c.7864A>G,p.(Asn2622Asp),7864,missense,PM2_Supporting+PS3,5,3,0.02,expected_vus_single_strong_evidence
PS3_but_VUS,BRCA2,c.7867C>T,p.(His2623Tyr),7867,missense,PM2_Supporting+PS3,5,3,0.02,expected_vus_single_strong_evidence
PS3_but_VUS,BRCA2,c.7868A>G,p.(His2623Arg),7868,missense,PM2_Supporting+PS3,5,3,0.08,expected_vus_single_strong_evidence
PS3_but_VUS,BRCA2,c.7870T>A,p.(Tyr2624Asn),7870,missense,PM2_Supporting+PS3,5,3,0.09,expected_vus_single_strong_evidence
PS3_but_VUS,BRCA2,c.7870T>C,p.(Tyr2624His),7870,missense,PM2_Supporting+PS3,5,3,0.06,expected_vus_single_strong_evidence
PS3_but_VUS,BRCA2,c.7870T>G,p.(Tyr2624Asp),7870,missense,PM2_Supporting+PS3,5,3,0.1,expected_vus_single_strong_evidence
PS3_but_VUS,BRCA2,c.7871A>G,p.(Tyr2624Cys),7871,missense,PS3,4,3,0.01,expected_vus_single_strong_evidence
PS3_but_VUS,BRCA2,c.7874G>T,p.(Arg2625Ile),7874,missense,PM2_Supporting+PS3,5,3,0.12,expected_vus_single_strong_evidence
PS3_but_VUS,BRCA2,c.7875A>T,p.(Arg2625Ser),7875,missense,PM2_Supporting+PS3,5,3,0.11,expected_vus_single_strong_evidence
PS3_but_VUS,BRCA2,c.7876T>C,p.(Trp2626Arg),7876,missense,PM2_Supporting+PS3,5,3,0.08,expected_vus_single_strong_evidence
PS3_but_VUS,BRCA2,c.7878G>C,p.(Trp2626Cys),7878,missense,PS3,4,3,0.01,expected_vus_single_strong_evidence
PS3_but_VUS,BRCA2,c.7880T>A,p.(Ile2627Asn),7880,missense,PM2_Supporting+PS3,5,3,0.01,expected_vus_single_strong_evidence
PS3_but_VUS,BRCA2,c.7888A>C,p.(Lys2630Gln),7888,missense,PM2_Supporting+PS3,5,3,0.03,expected_vus_single_strong_evidence
PS3_but_VUS,BRCA2,c.7925T>C,p.(Phe2642Ser),7925,missense,PM2_Supporting+PS3,5,3,0.04,expected_vus_single_strong_evidence
PS3_but_VUS,BRCA2,c.7940T>C,p.(Leu2647Pro),7940,missense,PM2_Supporting+PP4+PS3,9,3,0.02,vus_with_ps3_and_extra_context
PS3_but_VUS,BRCA2,c.7955T>G,p.(Val2652Gly),7955,missense,PM2_Supporting+PS3,5,3,0.01,expected_vus_single_strong_evidence
PS3_but_VUS,BRCA2,c.7964A>G,p.(Gln2655Arg),7964,missense,PM2_Supporting+PS3,5,3,0.02,expected_vus_single_strong_evidence
PS3_but_VUS,BRCA2,c.7967T>C,p.(Leu2656Pro),7967,missense,PM2_Supporting+PS3,5,3,0.03,expected_vus_single_strong_evidence
PS3_but_VUS,BRCA2,c.7970A>C,p.(Lys2657Thr),7970,missense,PM2_Supporting+PS3,5,3,0.0,expected_vus_single_strong_evidence
PS3_but_VUS,BRCA2,c.7978T>G,p.(Tyr2660Asp),7978,missense,PM2_Supporting+PS3,5,3,0.03,expected_vus_single_strong_evidence
PS3_but_VUS,BRCA2,c.8057T>C,p.(Leu2686Pro),8057,missense,PM2_Supporting+PS3,5,3,0.0,expected_vus_single_strong_evidence
PS3_but_VUS,BRCA2,c.8059G>T,p.(Val2687Phe),8059,missense,PS3,4,3,0.0,expected_vus_single_strong_evidence
PS3_but_VUS,BRCA2,c.8063T>C,p.(Leu2688Pro),8063,missense,PM2_Supporting+PS3,5,3,0.0,expected_vus_single_strong_evidence
PS3_but_VUS,BRCA2,c.8072C>A,p.(Ser2691Tyr),8072,missense,PM2_Supporting+PS3,5,3,0.0,expected_vus_single_strong_evidence
PS3_but_VUS,BRCA2,c.8072C>T,p.(Ser2691Phe),8072,missense,PM2_Supporting+PS3,5,3,0.0,expected_vus_single_strong_evidence
PS3_but_VUS,BRCA2,c.8162T>A,p.(Leu2721His),8162,missense,PM2_Supporting+PS3,5,3,0.01,expected_vus_single_strong_evidence
PS3_but_VUS,BRCA2,c.8164A>G,p.(Thr2722Ala),8164,missense,PM2_Supporting+PS3,5,3,0.0,expected_vus_single_strong_evidence
PS3_but_VUS,BRCA2,c.8165C>A,p.(Thr2722Lys),8165,missense,PM2_Supporting+PS3,5,3,0.01,expected_vus_single_strong_evidence
PS3_but_VUS,BRCA2,c.8165C>T,p.(Thr2722Ile),8165,missense,PM2_Supporting+PS3,5,3,0.01,expected_vus_single_strong_evidence
PS3_but_VUS,BRCA2,c.8167G>A,p.(Asp2723Asn),8167,missense,PM2_Supporting+PS3,5,3,0.01,expected_vus_single_strong_evidence
PS3_but_VUS,BRCA2,c.8167G>C,p.(Asp2723His),8167,missense,PM2_Supporting+PS3,5,3,0.01,expected_vus_single_strong_evidence
PS3_but_VUS,BRCA2,c.8167G>T,p.(Asp2723Tyr),8167,missense,PM2_Supporting+PS3,5,3,0.01,expected_vus_single_strong_evidence
PS3_but_VUS,BRCA2,c.8168A>C,p.(Asp2723Ala),8168,missense,PS3,4,3,0.0,expected_vus_single_strong_evidence
PS3_but_VUS,BRCA2,c.8168A>T,p.(Asp2723Val),8168,missense,PM2_Supporting+PS3,5,3,0.01,expected_vus_single_strong_evidence
PS3_but_VUS,BRCA2,c.8169T>A,p.(Asp2723Glu),8169,missense,PS3,4,3,0.01,expected_vus_single_strong_evidence
PS3_but_VUS,BRCA2,c.8170G>T,p.(Gly2724Trp),8170,missense,PM2_Supporting+PS3,5,3,0.02,expected_vus_single_strong_evidence
PS3_but_VUS,BRCA2,c.8171G>T,p.(Gly2724Val),8171,missense,PM2_Supporting+PS3,5,3,0.01,expected_vus_single_strong_evidence
PS3_but_VUS,BRCA2,c.8174G>T,p.(Trp2725Leu),8174,missense,PM2_Supporting+PS3,5,3,0.0,expected_vus_single_strong_evidence
PS3_but_VUS,BRCA2,c.8177A>G,p.(Tyr2726Cys),8177,missense,PM2_Supporting+PS3,5,3,0.0,expected_vus_single_strong_evidence
PS3_but_VUS,BRCA2,c.8188G>C,p.(Ala2730Pro),8188,missense,PM2_Supporting+PS3,5,3,0.0,expected_vus_single_strong_evidence
PS3_but_VUS,BRCA2,c.8242G>A,p.(Gly2748Ser),8242,missense,PS3,4,3,0.0,expected_vus_single_strong_evidence
PS3_but_VUS,BRCA2,c.8243G>A,p.(Gly2748Asp),8243,missense,PS3,4,3,0.0,expected_vus_single_strong_evidence
PS3_but_VUS,BRCA2,c.8252T>G,p.(Ile2751Ser),8252,missense,PM2_Supporting+PS3,5,3,0.0,expected_vus_single_strong_evidence
PS3_but_VUS,BRCA2,c.8258T>C,p.(Leu2753Pro),8258,missense,PM2_Supporting+PS3,5,3,0.0,expected_vus_single_strong_evidence
PS3_but_VUS,BRCA2,c.8339C>A,p.(Ala2780Asp),8339,missense,PM2_Supporting+PS3,5,3,0.01,expected_vus_single_strong_evidence
PS3_but_VUS,BRCA2,c.8342A>T,p.(Asn2781Ile),8342,missense,PM2_Supporting+PS3,5,3,0.01,expected_vus_single_strong_evidence
PS3_but_VUS,BRCA2,c.8350C>T,p.(Arg2784Trp),8350,missense,PS3,4,3,0.02,expected_vus_single_strong_evidence
pathogenic_and_benign_evidence,BRCA2,c.8351G>A,p.(Arg2784Gln),8351,missense,BP5+PS3,-4,2,0.01,mixed_direction_evidence
PS3_but_VUS,BRCA2,c.8356G>C,p.(Ala2786Pro),8356,missense,PM2_Supporting+PS3,5,3,0.0,expected_vus_single_strong_evidence
PS3_but_VUS,BRCA2,c.8362T>C,p.(Trp2788Arg),8362,missense,PM2_Supporting+PS3,5,3,0.01,expected_vus_single_strong_evidence
PS3_but_VUS,BRCA2,c.8375T>C,p.(Leu2792Pro),8375,missense,PM2_Supporting+PS3,5,3,0.02,expected_vus_single_strong_evidence
PS3_but_VUS,BRCA2,c.8375T>G,p.(Leu2792Arg),8375,missense,PM2_Supporting+PS3,5,3,0.02,expected_vus_single_strong_evidence
PS3_but_VUS,BRCA2,c.8377G>A,p.(Gly2793Arg),8377,missense,PS3,4,3,0.09,expected_vus_single_strong_evidence
pathogenic_and_benign_evidence,BRCA2,c.8420C>T,p.(Ser2807Leu),8420,missense,BS1_Supporting+PP3,0,3,0.33,mixed_direction_evidence
PS3_but_VUS,BRCA2,c.8455G>C,p.(Asp2819His),8455,missense,PM2_Supporting+PS3,5,3,0.02,expected_vus_single_strong_evidence
PS3_but_VUS,BRCA2,c.8456A>T,p.(Asp2819Val),8456,missense,PM2_Supporting+PS3,5,3,0.03,expected_vus_single_strong_evidence
PS3_but_VUS,BRCA2,c.8470A>G,p.(Arg2824Gly),8470,missense,PM2_Supporting+PS3,5,3,0.08,expected_vus_single_strong_evidence
PS3_but_VUS,BRCA2,c.8471G>C,p.(Arg2824Thr),8471,missense,PM2_Supporting+PS3,5,3,0.02,expected_vus_single_strong_evidence
PS3_but_VUS,BRCA2,c.8477A>G,p.(Tyr2826Cys),8477,missense,PM2_Supporting+PS3,5,3,0.01,expected_vus_single_strong_evidence
PS3_but_VUS,BRCA2,c.8525G>C,p.(Arg2842Pro),8525,missense,PM2_Supporting+PS3,5,3,0.04,expected_vus_single_strong_evidence
PS3_but_VUS,BRCA2,c.8773C>A,p.(Gln2925Lys),8773,missense,PM2_Supporting+PS3,5,3,0.01,expected_vus_single_strong_evidence
PS3_but_VUS,BRCA2,c.9008G>A,p.(Gly3003Glu),9008,missense,PM2_Supporting+PS3,5,3,0.13,expected_vus_single_strong_evidence
PS3_but_VUS,BRCA2,c.9016T>G,p.(Tyr3006Asp),9016,missense,PM2_Supporting+PS3,5,3,0.01,expected_vus_single_strong_evidence
pathogenic_and_benign_evidence;PP3_with_BS3,BRCA2,c.9038C>T,p.(Thr3013Ile),9038,missense,BP5+BS1_Supporting+BS3+PP3,-12,1,0.22,benign_functional_overrides_pp3_signal
PS3_but_VUS,BRCA2,c.9082G>C,p.(Ala3028Pro),9082,missense,PM2_Supporting+PS3,5,3,0.05,expected_vus_single_strong_evidence
pathogenic_and_benign_evidence,BRCA2,c.9086C>T,p.(Ala3029Val),9086,missense,BS1_Supporting+PP3,0,3,0.3,mixed_direction_evidence
PS3_but_VUS,BRCA2,c.9154C>T,p.(Arg3052Trp),9154,missense,PS3,4,3,0.02,expected_vus_single_strong_evidence
PS3_but_VUS,BRCA2,c.9155G>T,p.(Arg3052Leu),9155,missense,PM2_Supporting+PS3,5,3,0.01,expected_vus_single_strong_evidence
PS3_but_VUS,BRCA2,c.9215T>A,p.(Val3072Glu),9215,missense,PM2_Supporting+PS3,5,3,0.0,expected_vus_single_strong_evidence
PS3_but_VUS,BRCA2,c.9217G>T,p.(Asp3073Tyr),9217,missense,PM2_Supporting+PS3,5,3,0.0,expected_vus_single_strong_evidence
PS3_but_VUS,BRCA2,c.9218A>G,p.(Asp3073Gly),9218,missense,PP3+PS3,5,3,0.22,vus_with_ps3_and_extra_context
PS3_but_VUS,BRCA2,c.9226G>C,p.(Gly3076Arg),9226,missense,PM2_Supporting+PS3,5,3,0.0,expected_vus_single_strong_evidence
PS3_but_VUS,BRCA2,c.9227G>A,p.(Gly3076Glu),9227,missense,PS3,4,3,0.0,expected_vus_single_strong_evidence
PS3_but_VUS,BRCA2,c.9227G>T,p.(Gly3076Val),9227,missense,PM2_Supporting+PS3,5,3,0.0,expected_vus_single_strong_evidence
PS3_but_VUS,BRCA2,c.9284A>G,p.(Asp3095Gly),9284,missense,PM2_Supporting+PS3,5,3,0.0,expected_vus_single_strong_evidence
PS3_but_VUS,BRCA2,c.9302T>C,p.(Leu3101Pro),9302,missense,PM2_Supporting+PS3,5,3,0.0,expected_vus_single_strong_evidence
PS3_but_VUS,BRCA2,c.9302T>G,p.(Leu3101Arg),9302,missense,PM2_Supporting+PS3,5,3,0.0,expected_vus_single_strong_evidence
PS3_but_VUS,BRCA2,c.9364G>C,p.(Ala3122Pro),9364,missense,PM2_Supporting+PS3,5,3,0.0,expected_vus_single_strong_evidence
PS3_but_VUS,BRCA2,c.9372C>A,p.(Asn3124Lys),9372,missense,PM2_Supporting+PS3,5,3,0.0,expected_vus_single_strong_evidence
PS3_but_VUS,BRCA2,c.9373C>T,p.(Leu3125Phe),9373,missense,PM2_Supporting+PS3,5,3,0.0,expected_vus_single_strong_evidence
PS3_but_VUS,BRCA2,c.9374T>A,p.(Leu3125His),9374,missense,PM2_Supporting+PS3,5,3,0.0,expected_vus_single_strong_evidence
PS3_but_VUS,BRCA2,c.9374T>G,p.(Leu3125Arg),9374,missense,PM2_Supporting+PS3,5,3,0.0,expected_vus_single_strong_evidence
PS3_but_VUS,BRCA2,c.9437T>C,p.(Phe3146Ser),9437,missense,PM2_Supporting+PS3,5,3,0.0,expected_vus_single_strong_evidence
PS3_but_VUS,BRCA2,c.9539T>C,p.(Leu3180Pro),9539,missense,PM2_Supporting+PS3,5,3,0.0,expected_vus_single_strong_evidence
pathogenic_and_benign_evidence;PVS1_but_VUS,BRCA2,c.9925G>T,p.(Glu3309Ter),9925,nonsense,BS3+PM2_Supporting+PVS1,5,3,0.01,manual_review_single_pvs1_case
