gene,c_notation,p_notation,aa_position,variant_type,predicted_class,predicted_label,total_points,spliceai_score,structure_features,structure_domain_context,curated_active_site_status,known_pathogenic_residue_context,criteria_combo,criteria
BRCA1,c.1A>G,p.(Met1Val),1,initiation_codon,5,Pathogenic,13,0.05,outside_mapped_structure_function_features,outside_mapped_structure_function_features,not_curated_in_current_dataset,,PM2_Supporting+PP4+PS3,PM2_Supporting:Supporting:1;PP4:Very Strong:8;PS3:Strong:4
BRCA1,c.3G>T,p.(Met1Ile),1,initiation_codon,5,Pathogenic,13,0.08,outside_mapped_structure_function_features,outside_mapped_structure_function_features,not_curated_in_current_dataset,,PM2_Supporting+PP4+PS3,PM2_Supporting:Supporting:1;PP4:Very Strong:8;PS3:Strong:4
BRCA1,c.53T>C,p.(Met18Thr),18,missense,5,Pathogenic,13,0.04,RING zinc-binding/E3 ligase region,RING zinc-binding/E3 ligase region,not_curated_in_current_dataset,RING:Met18Thr:c.53T>C,PM2_Supporting+PP4+PS3,PM2_Supporting:Supporting:1;PP4:Very Strong:8;PS3:Strong:4
BRCA1,c.122A>G,p.(His41Arg),41,missense,5,Pathogenic,13,0.01,RING zinc-binding/E3 ligase region,RING zinc-binding/E3 ligase region,zinc_coordination_core:BRCA1 RING C3HC4 zinc-coordinating residue His41 [seed_needs_source_line_review];region_level:UniProt:Zinc finger:RING-type (24-65) [source_extracted_region],RING:His41Arg:c.122A>G,PM2_Supporting+PP4+PS3,PM2_Supporting:Supporting:1;PP4:Very Strong:8;PS3:Strong:4
BRCA1,c.130T>A,p.(Cys44Ser),44,missense,5,Pathogenic,12,0.01,RING zinc-binding/E3 ligase region,RING zinc-binding/E3 ligase region,zinc_coordination_core:BRCA1 RING C3HC4 zinc-coordinating residue Cys44 [seed_needs_source_line_review];region_level:UniProt:Zinc finger:RING-type (24-65) [source_extracted_region],RING:Cys44Ser:c.130T>A;RING:Cys44Tyr:c.131G>A;RING:Cys44Phe:c.131G>T,PP4+PS3,PP4:Very Strong:8;PS3:Strong:4
BRCA1,c.131G>T,p.(Cys44Phe),44,missense,5,Pathogenic,13,0.0,RING zinc-binding/E3 ligase region,RING zinc-binding/E3 ligase region,zinc_coordination_core:BRCA1 RING C3HC4 zinc-coordinating residue Cys44 [seed_needs_source_line_review];region_level:UniProt:Zinc finger:RING-type (24-65) [source_extracted_region],RING:Cys44Ser:c.130T>A;RING:Cys44Tyr:c.131G>A;RING:Cys44Phe:c.131G>T,PM2_Supporting+PP4+PS3,PM2_Supporting:Supporting:1;PP4:Very Strong:8;PS3:Strong:4
BRCA1,c.140G>A,p.(Cys47Tyr),47,missense,5,Pathogenic,13,0.06,RING zinc-binding/E3 ligase region,RING zinc-binding/E3 ligase region,zinc_coordination_core:BRCA1 RING C3HC4 zinc-coordinating residue Cys47 [seed_needs_source_line_review];region_level:UniProt:Zinc finger:RING-type (24-65) [source_extracted_region],RING:Cys47Tyr:c.140G>A,PM2_Supporting+PP4+PS3,PM2_Supporting:Supporting:1;PP4:Very Strong:8;PS3:Strong:4
BRCA1,c.182G>C,p.(Cys61Ser),61,missense,4,Likely Pathogenic,7,0.09,RING zinc-binding/E3 ligase region,RING zinc-binding/E3 ligase region,UniProt:Natural variant:in BC and OC; pathogenic; no interaction with BAP1; dbSNP:rs28897672 [source_extracted];zinc_coordination_core:BRCA1 RING C3HC4 zinc-coordinating residue Cys61 [seed_needs_source_line_review];region_level:UniProt:Zinc finger:RING-type (24-65) [source_extracted_region],RING:Cys61Gly:c.181T>G;RING:Cys61Ser:c.181T>A,PM2_Supporting+PS1+PS3,PM2_Supporting:Supporting:1;PS1:Moderate:2;PS3:Strong:4
BRCA1,c.5053A>G,p.(Thr1685Ala),1685,missense,5,Pathogenic,13,0.09,BRCT phosphopeptide-binding region,BRCT phosphopeptide-binding region,region_level:UniProt:Domain:BRCT 1 (1642-1736) [source_extracted_region],BRCT:Thr1685Ala:c.5053A>G;BRCT:Thr1685Ile:c.5054C>T,PM2_Supporting+PP4+PS3,PM2_Supporting:Supporting:1;PP4:Very Strong:8;PS3:Strong:4
BRCA1,c.5054C>T,p.(Thr1685Ile),1685,missense,5,Pathogenic,13,0.19,BRCT phosphopeptide-binding region,BRCT phosphopeptide-binding region,region_level:UniProt:Domain:BRCT 1 (1642-1736) [source_extracted_region],BRCT:Thr1685Ala:c.5053A>G;BRCT:Thr1685Ile:c.5054C>T,PM2_Supporting+PP4+PS3,PM2_Supporting:Supporting:1;PP4:Very Strong:8;PS3:Strong:4
BRCA1,c.5089T>C,p.(Cys1697Arg),1697,missense,5,Pathogenic,13,0.08,BRCT phosphopeptide-binding region,BRCT phosphopeptide-binding region,region_level:UniProt:Domain:BRCT 1 (1642-1736) [source_extracted_region],BRCT:Cys1697Arg:c.5089T>C,PM2_Supporting+PP4+PS3,PM2_Supporting:Supporting:1;PP4:Very Strong:8;PS3:Strong:4
BRCA1,c.5117G>A,p.(Gly1706Glu),1706,missense,5,Pathogenic,13,0.03,BRCT phosphopeptide-binding region,BRCT phosphopeptide-binding region,region_level:UniProt:Domain:BRCT 1 (1642-1736) [source_extracted_region],BRCT:Gly1706Glu:c.5117G>A,PM2_Supporting+PP4+PS3,PM2_Supporting:Supporting:1;PP4:Very Strong:8;PS3:Strong:4
BRCA1,c.5143A>C,p.(Ser1715Arg),1715,missense,5,Pathogenic,13,0.09,BRCT phosphopeptide-binding region,BRCT phosphopeptide-binding region,region_level:UniProt:Domain:BRCT 1 (1642-1736) [source_extracted_region],BRCT:Ser1715Arg:c.5143A>C;BRCT:Ser1715Asn:c.5144G>A,PM2_Supporting+PP4+PS3,PM2_Supporting:Supporting:1;PP4:Very Strong:8;PS3:Strong:4
BRCA1,c.5144G>A,p.(Ser1715Asn),1715,missense,5,Pathogenic,13,0.07,BRCT phosphopeptide-binding region,BRCT phosphopeptide-binding region,region_level:UniProt:Domain:BRCT 1 (1642-1736) [source_extracted_region],BRCT:Ser1715Arg:c.5143A>C;BRCT:Ser1715Asn:c.5144G>A,PM2_Supporting+PP4+PS3,PM2_Supporting:Supporting:1;PP4:Very Strong:8;PS3:Strong:4
BRCA1,c.5207T>C,p.(Val1736Ala),1736,missense,4,Likely Pathogenic,9,0.0,BRCT phosphopeptide-binding region,BRCT phosphopeptide-binding region,UniProt:Natural variant:in BC and FANCS; pathogenic; decreased localization to DNA damage sites and reduced interaction with UIMC1/RAP80; dbSNP:rs45553935 [source_extracted];region_level:UniProt:Domain:BRCT 1 (1642-1736) [source_extracted_region],BRCT:Val1736Ala:c.5207T>C;BRCT:Val1736Gly:c.5207T>G,PM2_Supporting+PP4,PM2_Supporting:Supporting:1;PP4:Very Strong:8
BRCA1,c.5212G>A,p.(Gly1738Arg),1738,missense,5,Pathogenic,13,0.0,BRCT phosphopeptide-binding region,BRCT phosphopeptide-binding region,UniProt:Mutagenesis:Abolishes interaction with BRIP1. [source_extracted],BRCT:Gly1738Arg:c.5212G>A;BRCT:Gly1738Glu:c.5213G>A,PM2_Supporting+PP4+PS3,PM2_Supporting:Supporting:1;PP4:Very Strong:8;PS3:Strong:4
BRCA1,c.5213G>A,p.(Gly1738Glu),1738,missense,5,Pathogenic,13,0.0,BRCT phosphopeptide-binding region,BRCT phosphopeptide-binding region,UniProt:Mutagenesis:Abolishes interaction with BRIP1. [source_extracted],BRCT:Gly1738Arg:c.5212G>A;BRCT:Gly1738Glu:c.5213G>A,PM2_Supporting+PP4+PS3,PM2_Supporting:Supporting:1;PP4:Very Strong:8;PS3:Strong:4
BRCA1,c.5243G>A,p.(Gly1748Asp),1748,missense,5,Pathogenic,13,0.0,BRCT phosphopeptide-binding region,BRCT phosphopeptide-binding region,not_curated_in_current_dataset,BRCT:Gly1748Asp:c.5243G>A,PM2_Supporting+PP4+PS3,PM2_Supporting:Supporting:1;PP4:Very Strong:8;PS3:Strong:4
BRCA1,c.5291T>C,p.(Leu1764Pro),1764,missense,5,Pathogenic,13,0.01,BRCT phosphopeptide-binding region,BRCT phosphopeptide-binding region,region_level:UniProt:Domain:BRCT 2 (1756-1855) [source_extracted_region],BRCT:Leu1764Pro:c.5291T>C,PM2_Supporting+PP4+PS3,PM2_Supporting:Supporting:1;PP4:Very Strong:8;PS3:Strong:4
BRCA1,c.5297T>G,p.(Ile1766Ser),1766,missense,5,Pathogenic,13,0.0,BRCT phosphopeptide-binding region,BRCT phosphopeptide-binding region,region_level:UniProt:Domain:BRCT 2 (1756-1855) [source_extracted_region],BRCT:Ile1766Ser:c.5297T>G,PM2_Supporting+PP4+PS3,PM2_Supporting:Supporting:1;PP4:Very Strong:8;PS3:Strong:4
BRCA1,c.5309G>T,p.(Gly1770Val),1770,missense,4,Likely Pathogenic,9,0.0,BRCT phosphopeptide-binding region,BRCT phosphopeptide-binding region,region_level:UniProt:Domain:BRCT 2 (1756-1855) [source_extracted_region],BRCT:Gly1770Val:c.5309G>T,PM2_Supporting+PP4,PM2_Supporting:Supporting:1;PP4:Very Strong:8
BRCA1,c.5324T>A,p.(Met1775Lys),1775,missense,5,Pathogenic,13,0.01,BRCT phosphopeptide-binding region,BRCT phosphopeptide-binding region,UniProt:Natural variant:in BC; pathogenic; strongly reduced transcription transactivation; abolishes interaction with BRIP1 and RBBP8; dbSNP:rs41293463 [source_extracted];UniProt:Natural variant:in BC; pathogenic; alters protein stability and abolishes ACACA and BRIP1 binding; dbSNP:rs41293463 [source_extracted];region_level:UniProt:Domain:BRCT 2 (1756-1855) [source_extracted_region],BRCT:Met1775Lys:c.5324T>A;BRCT:Met1775Arg:c.5324T>G,PM2_Supporting+PP4+PS3,PM2_Supporting:Supporting:1;PP4:Very Strong:8;PS3:Strong:4
BRCA1,c.5324T>G,p.(Met1775Arg),1775,missense,5,Pathogenic,12,0.0,BRCT phosphopeptide-binding region,BRCT phosphopeptide-binding region,UniProt:Natural variant:in BC; pathogenic; strongly reduced transcription transactivation; abolishes interaction with BRIP1 and RBBP8; dbSNP:rs41293463 [source_extracted];UniProt:Natural variant:in BC; pathogenic; alters protein stability and abolishes ACACA and BRIP1 binding; dbSNP:rs41293463 [source_extracted];region_level:UniProt:Domain:BRCT 2 (1756-1855) [source_extracted_region],BRCT:Met1775Lys:c.5324T>A;BRCT:Met1775Arg:c.5324T>G,PP4+PS3,PP4:Very Strong:8;PS3:Strong:4
BRCA1,c.5359T>A,p.(Cys1787Ser),1787,missense,4,Likely Pathogenic,9,0.0,BRCT phosphopeptide-binding region,BRCT phosphopeptide-binding region,region_level:UniProt:Domain:BRCT 2 (1756-1855) [source_extracted_region],,PM2_Supporting+PP4,PM2_Supporting:Supporting:1;PP4:Very Strong:8
BRCA1,c.5509T>C,p.(Trp1837Arg),1837,missense,5,Pathogenic,13,0.0,BRCT phosphopeptide-binding region,BRCT phosphopeptide-binding region,region_level:UniProt:Domain:BRCT 2 (1756-1855) [source_extracted_region],BRCT:Trp1837Arg:c.5509T>C,PM2_Supporting+PP4+PS3,PM2_Supporting:Supporting:1;PP4:Very Strong:8;PS3:Strong:4
BRCA1,c.5513T>A,p.(Val1838Glu),1838,missense,5,Pathogenic,13,0.0,BRCT phosphopeptide-binding region,BRCT phosphopeptide-binding region,region_level:UniProt:Domain:BRCT 2 (1756-1855) [source_extracted_region],BRCT:Val1838Glu:c.5513T>A,PM2_Supporting+PP4+PS3,PM2_Supporting:Supporting:1;PP4:Very Strong:8;PS3:Strong:4
BRCA1,c.5516T>C,p.(Leu1839Ser),1839,missense,5,Pathogenic,13,0.0,BRCT phosphopeptide-binding region,BRCT phosphopeptide-binding region,region_level:UniProt:Domain:BRCT 2 (1756-1855) [source_extracted_region],BRCT:Leu1839Ser:c.5516T>C,PM2_Supporting+PP4+PS3,PM2_Supporting:Supporting:1;PP4:Very Strong:8;PS3:Strong:4
BRCA1,c.5558A>G,p.(Tyr1853Cys),1853,missense,5,Pathogenic,13,0.0,BRCT phosphopeptide-binding region,BRCT phosphopeptide-binding region,region_level:UniProt:Domain:BRCT 2 (1756-1855) [source_extracted_region],BRCT:Tyr1853Cys:c.5558A>G,PM2_Supporting+PP4+PS3,PM2_Supporting:Supporting:1;PP4:Very Strong:8;PS3:Strong:4
BRCA2,c.3G>A,p.(Met1Ile),1,initiation_codon,5,Pathogenic,13,0.01,outside_mapped_structure_function_features,outside_mapped_structure_function_features,region_level:UniProt:Region:Interaction with PALB2 (1-40) [source_extracted_region],,PM2_Supporting+PP4+PS3,PM2_Supporting:Supporting:1;PP4:Very Strong:8;PS3:Strong:4
BRCA2,c.7879A>T,p.(Ile2627Phe),2627,missense,5,Pathogenic,13,0.07,DNA-binding domain / helical-OB-DSS1 region,DNA-binding domain / helical-OB-DSS1 region,region_level:UniProt:Region:Interaction with SEM1 (2481-2832) [source_extracted_region],DBD:Ile2627Phe:c.7879A>T,PM2_Supporting+PP4+PS3,PM2_Supporting:Supporting:1;PP4:Very Strong:8;PS3:Strong:4
BRCA2,c.7958T>C,p.(Leu2653Pro),2653,missense,5,Pathogenic,13,0.0,DNA-binding domain / helical-OB-DSS1 region,DNA-binding domain / helical-OB-DSS1 region,region_level:UniProt:Region:Interaction with SEM1 (2481-2832) [source_extracted_region],,PM2_Supporting+PP4+PS3,PM2_Supporting:Supporting:1;PP4:Very Strong:8;PS3:Strong:4
BRCA2,c.7988A>T,p.(Glu2663Val),2663,missense,4,Likely Pathogenic,9,0.03,DNA-binding domain / helical-OB-DSS1 region,DNA-binding domain / helical-OB-DSS1 region,region_level:UniProt:Region:Interaction with SEM1 (2481-2832) [source_extracted_region],DBD:Glu2663Val:c.7988A>T,PM2_Supporting+PP4,PM2_Supporting:Supporting:1;PP4:Very Strong:8
BRCA2,c.8009C>T,p.(Ser2670Leu),2670,missense,5,Pathogenic,13,0.01,DNA-binding domain / helical-OB-DSS1 region,DNA-binding domain / helical-OB-DSS1 region,region_level:UniProt:Region:Interaction with SEM1 (2481-2832) [source_extracted_region],,PM2_Supporting+PP4+PS3,PM2_Supporting:Supporting:1;PP4:Very Strong:8;PS3:Strong:4
BRCA2,c.8165C>G,p.(Thr2722Arg),2722,missense,5,Pathogenic,13,0.01,DNA-binding domain / helical-OB-DSS1 region,DNA-binding domain / helical-OB-DSS1 region,region_level:UniProt:Region:Interaction with SEM1 (2481-2832) [source_extracted_region],,PM2_Supporting+PP4+PS3,PM2_Supporting:Supporting:1;PP4:Very Strong:8;PS3:Strong:4
BRCA2,c.9285C>A,p.(Asp3095Glu),3095,missense,4,Likely Pathogenic,7,0.0,DNA-binding domain / helical-OB-DSS1 region,DNA-binding domain / helical-OB-DSS1 region,not_curated_in_current_dataset,,PM2_Supporting+PS1+PS3,PM2_Supporting:Supporting:1;PS1:Moderate:2;PS3:Strong:4
BRCA2,c.9285C>G,p.(Asp3095Glu),3095,missense,5,Pathogenic,12,0.0,DNA-binding domain / helical-OB-DSS1 region,DNA-binding domain / helical-OB-DSS1 region,not_curated_in_current_dataset,,PP4+PS3,PP4:Very Strong:8;PS3:Strong:4
BRCA2,c.9371A>T,p.(Asn3124Ile),3124,missense,5,Pathogenic,12,0.0,DNA-binding domain / helical-OB-DSS1 region,DNA-binding domain / helical-OB-DSS1 region,not_curated_in_current_dataset,DBD:Asn3124Ile:c.9371A>T,PP4+PS3,PP4:Very Strong:8;PS3:Strong:4
