priority_score,priority_tier,review_category,priority_reasons,neighborhood_driven,neighborhood_only,gene,c_notation,p_notation,cds_pos,findlay_region,variant_type,spliceai_score,findlay_func_class,findlay_function_score_mean,findlay_mean_rna_score,findlay_consequence,criteria,total_points
90,tier1_urgent,functional_plus_splice_prediction,SpliceAI>=0.20;PS3;PP3;near_pathogenic_dense;high_spliceai_in_benign_dense_region,yes,no,BRCA1,c.5453A>G,p.(Asp1818Gly),5453,BRCT_region,missense,0.350,LOF,-3.163,-4.430,Missense,BP5:Moderate:-2;PM2_Supporting:Supporting:1;PP3:Supporting:1;PS3:Strong:4,4
83,tier1_urgent,splice_boundary,SpliceAI>=0.20;within_2bp_boundary;PS3;high_spliceai_in_benign_dense_region,yes,no,BRCA1,c.3G>A,p.(Met1Ile),3,N_terminal_RING_region,initiation_codon,0.230,LOF,-2.502,-0.981,Missense,PM2_Supporting:Supporting:1;PS3:Strong:4,5
90,tier1_urgent,functional_plus_splice_prediction,SpliceAI>=0.20;PS3;PP3;near_pathogenic_dense;high_spliceai_in_benign_dense_region,yes,no,BRCA1,c.5123C>G,p.(Ala1708Gly),5123,BRCT_region,missense,0.400,LOF,-2.229,-3.081,Missense,PP3:Supporting:1;PS3:Strong:4,5
90,tier1_urgent,functional_plus_splice_prediction,SpliceAI>=0.20;PS3;PP3;near_pathogenic_dense;high_spliceai_in_benign_dense_region,yes,no,BRCA1,c.5123C>A,p.(Ala1708Glu),5123,BRCT_region,missense,0.220,LOF,-2.008,-0.548,Missense,PP3:Supporting:1;PS3:Strong:4,5
90,tier1_urgent,functional_plus_splice_prediction,SpliceAI>=0.20;PS3;PP3;near_pathogenic_dense;high_spliceai_in_benign_dense_region,yes,no,BRCA1,c.190T>G,p.(Cys64Gly),190,N_terminal_RING_region,missense,0.650,LOF,-1.951,-5.421,Missense,PP3:Supporting:1;PS3:Strong:4,5
90,tier1_urgent,functional_plus_splice_prediction,SpliceAI>=0.20;PS3;PP3;near_pathogenic_dense;high_spliceai_in_benign_dense_region,yes,no,BRCA1,c.5044G>A,p.(Glu1682Lys),5044,BRCT_region,missense,0.570,LOF,-1.797,-3.923,Missense,BP5:Strong:-4;PM2_Supporting:Supporting:1;PP3:Supporting:1;PS3:Strong:4,2
57,tier2_high,pathogenic_neighborhood,within_2bp_boundary;PS3;near_pathogenic_dense,yes,no,BRCA1,c.5191G>A,p.(Glu1731Lys),5191,BRCT_region,missense,0.010,LOF,-2.770,,Missense,PM2_Supporting:Supporting:1;PS3:Strong:4,5
57,tier2_high,pathogenic_neighborhood,within_2bp_boundary;PS3;near_pathogenic_dense,yes,no,BRCA1,c.5279T>C,p.(Ile1760Thr),5279,BRCT_region,missense,0.020,LOF,-2.605,0.669,Missense,PM2_Supporting:Supporting:1;PS3:Strong:4,5
57,tier2_high,functional_or_same_aa,SpliceAI>=0.10;within_2bp_boundary;PS3,no,no,BRCA1,c.2T>G,p.(Met1Arg),2,N_terminal_RING_region,initiation_codon,0.150,LOF,-2.482,-0.643,Missense,PM2_Supporting:Supporting:1;PS3:Strong:4,5
55,tier2_high,pathogenic_neighborhood,PS3;PS1;near_pathogenic_dense,yes,no,BRCA1,c.5509T>A,p.(Trp1837Arg),5509,BRCT_region,missense,0.000,LOF,-2.461,-0.852,Missense,PM2_Supporting:Supporting:1;PS1:Strong:4;PS3:Strong:4,9
57,tier2_high,pathogenic_neighborhood,within_2bp_boundary;PS3;near_pathogenic_dense,yes,no,BRCA1,c.134A>T,p.(Lys45Ile),134,N_terminal_RING_region,missense,0.030,LOF,-2.436,-0.468,Missense,PM2_Supporting:Supporting:1;PS3:Strong:4,5
57,tier2_high,pathogenic_neighborhood,within_2bp_boundary;PS3;near_pathogenic_dense,yes,no,BRCA1,c.79T>G,p.(Cys27Gly),79,N_terminal_RING_region,missense,0.020,LOF,-2.374,-0.563,Missense,PM2_Supporting:Supporting:1;PS3:Strong:4,5
57,tier2_high,pathogenic_neighborhood,within_2bp_boundary;PS3;near_pathogenic_dense,yes,no,BRCA1,c.132C>G,p.(Cys44Trp),132,N_terminal_RING_region,missense,0.020,LOF,-2.307,-0.454,Missense,PM2_Supporting:Supporting:1;PS3:Strong:4,5
57,tier2_high,pathogenic_neighborhood,SpliceAI>=0.10;within_10bp_boundary;PS3;near_pathogenic_dense,yes,no,BRCA1,c.218T>G,p.(Leu73Arg),218,N_terminal_RING_region,missense,0.160,LOF,-2.289,0.278,Missense,PM2_Supporting:Supporting:1;PS3:Strong:4,5
57,tier2_high,pathogenic_neighborhood,within_2bp_boundary;PS3;near_pathogenic_dense,yes,no,BRCA1,c.5279T>G,p.(Ile1760Ser),5279,BRCT_region,missense,0.030,LOF,-2.271,0.114,Missense,PM2_Supporting:Supporting:1;PS3:Strong:4,5
63,tier2_high,pathogenic_neighborhood,within_10bp_boundary;PS3;PS1;near_pathogenic_dense,yes,no,BRCA1,c.131G>C,p.(Cys44Ser),131,N_terminal_RING_region,missense,0.000,LOF,-2.268,-0.255,Missense,PM2_Supporting:Supporting:1;PS1:Strong:4;PS3:Strong:4,9
57,tier2_high,pathogenic_neighborhood,within_2bp_boundary;PS3;near_pathogenic_dense,yes,no,BRCA1,c.5279T>A,p.(Ile1760Asn),5279,BRCT_region,missense,0.020,LOF,-2.182,-0.823,Missense,PM2_Supporting:Supporting:1;PS3:Strong:4,5
57,tier2_high,pathogenic_neighborhood,within_2bp_boundary;PS3;near_pathogenic_dense,yes,no,BRCA1,c.79T>A,p.(Cys27Ser),79,N_terminal_RING_region,missense,0.040,LOF,-1.980,-0.758,Missense,PM2_Supporting:Supporting:1;PS3:Strong:4,5
57,tier2_high,pathogenic_neighborhood,within_2bp_boundary;PS3;near_pathogenic_dense,yes,no,BRCA1,c.79T>C,p.(Cys27Arg),79,N_terminal_RING_region,missense,0.030,LOF,-1.959,-0.881,Missense,PM2_Supporting:Supporting:1;PS3:Strong:4,5
57,tier2_high,pathogenic_neighborhood,within_2bp_boundary;PS3;near_pathogenic_dense,yes,no,BRCA1,c.81T>G,p.(Cys27Trp),81,N_terminal_RING_region,missense,0.030,LOF,-1.923,-0.683,Missense,PM2_Supporting:Supporting:1;PS3:Strong:4,5
57,tier2_high,pathogenic_neighborhood,within_2bp_boundary;PS3;near_pathogenic_dense,yes,no,BRCA1,c.5152T>G,p.(Trp1718Gly),5152,BRCT_region,missense,0.090,LOF,-1.875,-0.521,Missense,PM2_Supporting:Supporting:1;PS3:Strong:4,5
57,tier2_high,pathogenic_neighborhood,SpliceAI>=0.10;within_10bp_boundary;PS3;near_pathogenic_dense,yes,no,BRCA1,c.5145C>G,p.(Ser1715Arg),5145,BRCT_region,missense,0.160,LOF,-1.871,-0.633,Missense,PM2_Supporting:Supporting:1;PS3:Strong:4,5
57,tier2_high,pathogenic_neighborhood,within_2bp_boundary;PS3;near_pathogenic_dense,yes,no,BRCA1,c.5072C>A,p.(Thr1691Lys),5072,BRCT_region,missense,0.050,LOF,-1.855,-0.798,Missense,PM2_Supporting:Supporting:1;PS3:Strong:4,5
52,tier2_high,pathogenic_neighborhood,PS3;PP4;near_pathogenic_dense,yes,no,BRCA1,c.181T>A,p.(Cys61Ser),181,N_terminal_RING_region,missense,0.080,LOF,-1.841,-0.899,Missense,PM2_Supporting:Supporting:1;PP4:Strong:4;PS3:Strong:4,9
55,tier2_high,pathogenic_neighborhood,PS3;PS1;near_pathogenic_dense,yes,no,BRCA1,c.5212G>C,p.(Gly1738Arg),5212,BRCT_region,missense,0.000,LOF,-1.798,-0.894,Missense,PM2_Supporting:Supporting:1;PS1:Strong:4;PS3:Strong:4,9
63,tier2_high,pathogenic_neighborhood,within_10bp_boundary;PS3;PS1;near_pathogenic_dense,yes,no,BRCA1,c.5145C>A,p.(Ser1715Arg),5145,BRCT_region,missense,0.030,LOF,-1.770,-0.708,Missense,PM2_Supporting:Supporting:1;PS1:Strong:4;PS3:Strong:4,9
52,tier2_high,pathogenic_neighborhood,PS3;PP4;near_pathogenic_dense,yes,no,BRCA1,c.5207T>G,p.(Val1736Gly),5207,BRCT_region,missense,0.000,LOF,-1.733,-0.659,Missense,PM2_Supporting:Supporting:1;PP4:Strong:4;PS3:Strong:4,9
57,tier2_high,pathogenic_neighborhood,within_2bp_boundary;PS3;near_pathogenic_dense,yes,no,BRCA1,c.5152T>A,p.(Trp1718Arg),5152,BRCT_region,missense,0.020,LOF,-1.678,-0.521,Missense,PM2_Supporting:Supporting:1;PS3:Strong:4,5
57,tier2_high,pathogenic_neighborhood,within_2bp_boundary;PS3;near_pathogenic_dense,yes,no,BRCA1,c.5152T>C,p.(Trp1718Arg),5152,BRCT_region,missense,0.040,LOF,-1.650,-0.399,Missense,PM2_Supporting:Supporting:1;PS3:Strong:4,5
57,tier2_high,pathogenic_neighborhood,within_2bp_boundary;PS3;near_pathogenic_dense,yes,no,BRCA1,c.83T>C,p.(Leu28Pro),83,N_terminal_RING_region,missense,0.000,LOF,-1.644,-0.323,Missense,PM2_Supporting:Supporting:1;PS3:Strong:4,5
65,tier2_high,pathogenic_neighborhood,SpliceAI>=0.20;PP3;near_pathogenic_dense;high_spliceai_in_benign_dense_region,yes,no,BRCA1,c.251A>T,p.(Glu84Val),251,N_terminal_RING_region,missense,0.630,LOF,-1.578,-1.712,Missense,PM2_Supporting:Supporting:1;PP3:Supporting:1,2
57,tier2_high,pathogenic_neighborhood,within_2bp_boundary;PS3;near_pathogenic_dense,yes,no,BRCA1,c.5154G>T,p.(Trp1718Cys),5154,BRCT_region,missense,0.010,LOF,-1.576,,Missense,PM2_Supporting:Supporting:1;PS3:Strong:4,5
52,tier2_high,pathogenic_neighborhood,PS3;PP4;near_pathogenic_dense,yes,no,BRCA1,c.5357T>C,p.(Leu1786Pro),5357,BRCT_region,missense,0.000,LOF,-1.522,-0.434,Missense,PP4:Strong:4;PS3:Strong:4,8
69,tier2_high,pathogenic_neighborhood,SpliceAI>=0.10;within_2bp_boundary;PS3;near_pathogenic_dense,yes,no,BRCA1,c.5077G>T,p.(Ala1693Ser),5077,BRCT_region,missense,0.100,LOF,-1.475,-2.326,Missense,PM2_Supporting:Supporting:1;PS3:Strong:4,5
57,tier2_high,pathogenic_neighborhood,within_2bp_boundary;PS3;near_pathogenic_dense,yes,no,BRCA1,c.5154G>C,p.(Trp1718Cys),5154,BRCT_region,missense,0.010,LOF,-1.444,,Missense,PM2_Supporting:Supporting:1;PS3:Strong:4,5
57,tier2_high,pathogenic_neighborhood,within_2bp_boundary;PS3;near_pathogenic_dense,yes,no,BRCA1,c.5153G>T,p.(Trp1718Leu),5153,BRCT_region,missense,0.070,LOF,-1.371,,Missense,PM2_Supporting:Supporting:1;PS3:Strong:4,5
37,tier3_medium,pathogenic_neighborhood,PS3;near_pathogenic_dense,yes,no,BRCA1,c.5445G>C,p.(Trp1815Cys),5445,BRCT_region,missense,0.020,LOF,-4.592,-5.454,Missense,PM2_Supporting:Supporting:1;PS3:Strong:4,5
37,tier3_medium,pathogenic_neighborhood,PS3;near_pathogenic_dense,yes,no,BRCA1,c.288C>A,p.(Asp96Glu),288,N_terminal_RING_region,missense,0.090,LOF,-3.844,-0.469,Missense,PM2_Supporting:Supporting:1;PS3:Strong:4,5
49,tier3_medium,pathogenic_neighborhood,SpliceAI>=0.10;PS3;near_pathogenic_dense,yes,no,BRCA1,c.286G>A,p.(Asp96Asn),286,N_terminal_RING_region,missense,0.140,LOF,-3.701,-0.795,Missense,PM2_Supporting:Supporting:1;PS3:Strong:4,5
49,tier3_medium,pathogenic_neighborhood,SpliceAI>=0.10;PS3;near_pathogenic_dense,yes,no,BRCA1,c.286G>T,p.(Asp96Tyr),286,N_terminal_RING_region,missense,0.120,LOF,-3.544,-0.872,Missense,PM2_Supporting:Supporting:1;PS3:Strong:4,5
37,tier3_medium,pathogenic_neighborhood,PS3;near_pathogenic_dense,yes,no,BRCA1,c.245T>A,p.(Leu82His),245,N_terminal_RING_region,missense,0.020,LOF,-3.501,0.654,Missense,PM2_Supporting:Supporting:1;PS3:Strong:4,5
37,tier3_medium,pathogenic_neighborhood,PS3;near_pathogenic_dense,yes,no,BRCA1,c.288C>G,p.(Asp96Glu),288,N_terminal_RING_region,missense,0.080,LOF,-3.467,-1.799,Missense,PM2_Supporting:Supporting:1;PS3:Strong:4,5
37,tier3_medium,pathogenic_neighborhood,PS3;near_pathogenic_dense,yes,no,BRCA1,c.245T>C,p.(Leu82Pro),245,N_terminal_RING_region,missense,0.090,LOF,-3.452,-0.166,Missense,PM2_Supporting:Supporting:1;PS3:Strong:4,5
45,tier3_medium,pathogenic_neighborhood,within_10bp_boundary;PS3;near_pathogenic_dense,yes,no,BRCA1,c.5281T>A,p.(Phe1761Ile),5281,BRCT_region,missense,0.010,LOF,-3.435,-0.583,Missense,PM2_Supporting:Supporting:1;PS3:Strong:4,5
37,tier3_medium,pathogenic_neighborhood,PS3;near_pathogenic_dense,yes,no,BRCA1,c.5432A>T,p.(Gln1811Leu),5432,BRCT_region,missense,0.030,LOF,-3.420,-0.140,Missense,PM2_Supporting:Supporting:1;PS3:Strong:4,5
45,tier3_medium,pathogenic_neighborhood,within_10bp_boundary;PS3;near_pathogenic_dense,yes,no,BRCA1,c.5201T>G,p.(Phe1734Cys),5201,BRCT_region,missense,0.000,LOF,-3.366,-0.388,Missense,PM2_Supporting:Supporting:1;PS3:Strong:4,5
37,tier3_medium,pathogenic_neighborhood,PS3;near_pathogenic_dense,yes,no,BRCA1,c.5557T>G,p.(Tyr1853Asp),5557,BRCT_region,missense,0.000,LOF,-3.351,0.188,Missense,PM2_Supporting:Supporting:1;PS3:Strong:4,5
37,tier3_medium,pathogenic_neighborhood,PS3;near_pathogenic_dense,yes,no,BRCA1,c.5246C>G,p.(Pro1749Arg),5246,BRCT_region,missense,0.000,LOF,-3.306,-0.592,Missense,PM2_Supporting:Supporting:1;PS3:Strong:4,5
49,tier3_medium,pathogenic_neighborhood,SpliceAI>=0.10;PS3;near_pathogenic_dense,yes,no,BRCA1,c.284T>C,p.(Leu95Pro),284,N_terminal_RING_region,missense,0.120,LOF,-3.271,-1.006,Missense,PM2_Supporting:Supporting:1;PS3:Strong:4,5
37,tier3_medium,pathogenic_neighborhood,PS3;near_pathogenic_dense,yes,no,BRCA1,c.5254G>C,p.(Ala1752Pro),5254,BRCT_region,missense,0.000,LOF,-3.127,-0.478,Missense,PM2_Supporting:Supporting:1;PS3:Strong:4,5
37,tier3_medium,pathogenic_neighborhood,PS3;near_pathogenic_dense,yes,no,BRCA1,c.5242G>C,p.(Gly1748Arg),5242,BRCT_region,missense,0.000,LOF,-3.093,-0.294,Missense,PM2_Supporting:Supporting:1;PS3:Strong:4,5
45,tier3_medium,pathogenic_neighborhood,within_10bp_boundary;PS3;near_pathogenic_dense,yes,no,BRCA1,c.5282T>C,p.(Phe1761Ser),5282,BRCT_region,missense,0.000,LOF,-3.082,-1.449,Missense,PM2_Supporting:Supporting:1;PS3:Strong:4,5
37,tier3_medium,pathogenic_neighborhood,PS3;near_pathogenic_dense,yes,no,BRCA1,c.287A>C,p.(Asp96Ala),287,N_terminal_RING_region,missense,0.060,LOF,-3.070,-1.016,Missense,PM2_Supporting:Supporting:1;PS3:Strong:4,5
37,tier3_medium,pathogenic_neighborhood,PS3;near_pathogenic_dense,yes,no,BRCA1,c.274G>C,p.(Ala92Pro),274,N_terminal_RING_region,missense,0.040,LOF,-3.044,-0.234,Missense,PM2_Supporting:Supporting:1;PS3:Strong:4,5
37,tier3_medium,pathogenic_neighborhood,PS3;near_pathogenic_dense,yes,no,BRCA1,c.287A>G,p.(Asp96Gly),287,N_terminal_RING_region,missense,0.070,LOF,-3.002,-0.368,Missense,PM2_Supporting:Supporting:1;PS3:Strong:4,5
45,tier3_medium,pathogenic_neighborhood,within_10bp_boundary;PS3;near_pathogenic_dense,yes,no,BRCA1,c.5282T>G,p.(Phe1761Cys),5282,BRCT_region,missense,0.010,LOF,-3.001,-1.078,Missense,PM2_Supporting:Supporting:1;PS3:Strong:4,5
37,tier3_medium,pathogenic_neighborhood,PS3;near_pathogenic_dense,yes,no,BRCA1,c.5297T>A,p.(Ile1766Asn),5297,BRCT_region,missense,0.000,LOF,-2.947,-0.068,Missense,PM2_Supporting:Supporting:1;PS3:Strong:4,5
37,tier3_medium,pathogenic_neighborhood,PS3;near_pathogenic_dense,yes,no,BRCA1,c.5259A>C,p.(Arg1753Ser),5259,BRCT_region,missense,0.000,LOF,-2.932,-0.778,Missense,PM2_Supporting:Supporting:1;PS3:Strong:4,5
37,tier3_medium,pathogenic_neighborhood,PS3;near_pathogenic_dense,yes,no,BRCA1,c.5523T>G,p.(Ser1841Arg),5523,BRCT_region,missense,0.000,LOF,-2.930,0.414,Missense,PM2_Supporting:Supporting:1;PS3:Strong:4,5
37,tier3_medium,pathogenic_neighborhood,PS3;near_pathogenic_dense,yes,no,BRCA1,c.5217T>G,p.(Asp1739Glu),5217,BRCT_region,missense,0.000,LOF,-2.913,0.020,Missense,PM2_Supporting:Supporting:1;PS3:Strong:4,5
45,tier3_medium,pathogenic_neighborhood,within_10bp_boundary;PS3;near_pathogenic_dense,yes,no,BRCA1,c.143T>G,p.(Met48Arg),143,N_terminal_RING_region,missense,0.000,LOF,-2.884,-0.526,Missense,PM2_Supporting:Supporting:1;PS3:Strong:4,5
37,tier3_medium,pathogenic_neighborhood,PS3;near_pathogenic_dense,yes,no,BRCA1,c.49G>C,p.(Ala17Pro),49,N_terminal_RING_region,missense,0.010,LOF,-2.880,-1.256,Missense,PM2_Supporting:Supporting:1;PS3:Strong:4,5
37,tier3_medium,pathogenic_neighborhood,PS3;near_pathogenic_dense,yes,no,BRCA1,c.5495T>G,p.(Val1832Gly),5495,BRCT_region,missense,0.010,LOF,-2.872,-1.430,Missense,PM2_Supporting:Supporting:1;PS3:Strong:4,5
37,tier3_medium,pathogenic_neighborhood,PS3;near_pathogenic_dense,yes,no,BRCA1,c.5252G>C,p.(Arg1751Pro),5252,BRCT_region,missense,0.000,LOF,-2.861,-0.533,Missense,PM2_Supporting:Supporting:1;PS3:Strong:4,5
37,tier3_medium,pathogenic_neighborhood,PS3;near_pathogenic_dense,yes,no,BRCA1,c.101C>A,p.(Pro34His),101,N_terminal_RING_region,missense,0.010,LOF,-2.840,-0.652,Missense,PM2_Supporting:Supporting:1;PS3:Strong:4,5
37,tier3_medium,pathogenic_neighborhood,PS3;near_pathogenic_dense,yes,no,BRCA1,c.5228G>A,p.(Gly1743Glu),5228,BRCT_region,missense,0.000,LOF,-2.831,-0.304,Missense,PM2_Supporting:Supporting:1;PS3:Strong:4,5
37,tier3_medium,pathogenic_neighborhood,PS3;near_pathogenic_dense,yes,no,BRCA1,c.5528C>A,p.(Ala1843Glu),5528,BRCT_region,missense,0.000,LOF,-2.820,-2.158,Missense,PM2_Supporting:Supporting:1;PS3:Strong:4,5
25,tier3_medium,functional_or_same_aa,PS3,no,no,BRCA1,c.5430G>C,p.(Val1810=),5430,BRCT_region,synonymous,0.000,LOF,-2.818,-4.027,Synonymous,PM2_Supporting:Supporting:1;PS3:Strong:4,5
45,tier3_medium,pathogenic_neighborhood,within_10bp_boundary;PS3;near_pathogenic_dense,yes,no,BRCA1,c.70T>C,p.(Cys24Arg),70,N_terminal_RING_region,missense,0.040,LOF,-2.785,-1.214,Missense,PM2_Supporting:Supporting:1;PS3:Strong:4,5
37,tier3_medium,pathogenic_neighborhood,PS3;near_pathogenic_dense,yes,no,BRCA1,c.5215G>C,p.(Asp1739His),5215,BRCT_region,missense,0.000,LOF,-2.767,-0.361,Missense,PM2_Supporting:Supporting:1;PS3:Strong:4,5
49,tier3_medium,pathogenic_neighborhood,SpliceAI>=0.10;PS3;near_pathogenic_dense,yes,no,BRCA1,c.5434C>G,p.(Pro1812Ala),5434,BRCT_region,missense,0.180,LOF,-2.757,-4.855,Missense,PS3:Strong:4,4
37,tier3_medium,pathogenic_neighborhood,PS3;near_pathogenic_dense,yes,no,BRCA1,c.287A>T,p.(Asp96Val),287,N_terminal_RING_region,missense,0.060,LOF,-2.743,-0.661,Missense,PM2_Supporting:Supporting:1;PS3:Strong:4,5
37,tier3_medium,pathogenic_neighborhood,PS3;near_pathogenic_dense,yes,no,BRCA1,c.5213G>T,p.(Gly1738Val),5213,BRCT_region,missense,0.000,LOF,-2.739,-0.633,Missense,PM2_Supporting:Supporting:1;PS3:Strong:4,5
45,tier3_medium,pathogenic_neighborhood,within_10bp_boundary;PS3;near_pathogenic_dense,yes,no,BRCA1,c.72T>G,p.(Cys24Trp),72,N_terminal_RING_region,missense,0.000,LOF,-2.736,-0.397,Missense,PM2_Supporting:Supporting:1;PS3:Strong:4,5
37,tier3_medium,pathogenic_neighborhood,PS3;near_pathogenic_dense,yes,no,BRCA1,c.5308G>T,p.(Gly1770Trp),5308,BRCT_region,missense,0.020,LOF,-2.727,-0.036,Missense,PM2_Supporting:Supporting:1;PS3:Strong:4,5
37,tier3_medium,pathogenic_neighborhood,PS3;near_pathogenic_dense,yes,no,BRCA1,c.5242G>T,p.(Gly1748Cys),5242,BRCT_region,missense,0.000,LOF,-2.707,-0.203,Missense,PM2_Supporting:Supporting:1;PS3:Strong:4,5
37,tier3_medium,pathogenic_neighborhood,PS3;near_pathogenic_dense,yes,no,BRCA1,c.5527G>C,p.(Ala1843Pro),5527,BRCT_region,missense,0.000,LOF,-2.685,-0.967,Missense,PM2_Supporting:Supporting:1;PS3:Strong:4,5
37,tier3_medium,pathogenic_neighborhood,PS3;near_pathogenic_dense,yes,no,BRCA1,c.5511G>C,p.(Trp1837Cys),5511,BRCT_region,missense,0.000,LOF,-2.678,-0.621,Missense,PM2_Supporting:Supporting:1;PS3:Strong:4,5
37,tier3_medium,pathogenic_neighborhood,PS3;near_pathogenic_dense,yes,no,BRCA1,c.5246C>A,p.(Pro1749Gln),5246,BRCT_region,missense,0.000,LOF,-2.676,-0.318,Missense,PM2_Supporting:Supporting:1;PS3:Strong:4,5
45,tier3_medium,pathogenic_neighborhood,within_10bp_boundary;PS3;near_pathogenic_dense,yes,no,BRCA1,c.5281T>G,p.(Phe1761Val),5281,BRCT_region,missense,0.000,LOF,-2.662,-0.741,Missense,PM2_Supporting:Supporting:1;PS3:Strong:4,5
37,tier3_medium,pathogenic_neighborhood,PS3;near_pathogenic_dense,yes,no,BRCA1,c.116G>A,p.(Cys39Tyr),116,N_terminal_RING_region,missense,0.020,LOF,-2.658,-0.799,Missense,PM2_Supporting:Supporting:1;PS3:Strong:4,5
37,tier3_medium,pathogenic_neighborhood,PS3;near_pathogenic_dense,yes,no,BRCA1,c.44T>A,p.(Ile15Asn),44,N_terminal_RING_region,missense,0.010,LOF,-2.633,-1.311,Missense,PM2_Supporting:Supporting:1;PS3:Strong:4,5
37,tier3_medium,pathogenic_neighborhood,PS3;near_pathogenic_dense,yes,no,BRCA1,c.5498T>A,p.(Val1833Glu),5498,BRCT_region,missense,0.000,LOF,-2.606,-0.617,Missense,PM2_Supporting:Supporting:1;PS3:Strong:4,5
37,tier3_medium,pathogenic_neighborhood,PS3;near_pathogenic_dense,yes,no,BRCA1,c.266T>A,p.(Ile89Asn),266,N_terminal_RING_region,missense,0.040,LOF,-2.587,-0.425,Missense,PM2_Supporting:Supporting:1;PS3:Strong:4,5
37,tier3_medium,pathogenic_neighborhood,PS3;near_pathogenic_dense,yes,no,BRCA1,c.5254G>A,p.(Ala1752Thr),5254,BRCT_region,missense,0.000,LOF,-2.586,-0.749,Missense,PM2_Supporting:Supporting:1;PS3:Strong:4,5
37,tier3_medium,pathogenic_neighborhood,PS3;near_pathogenic_dense,yes,no,BRCA1,c.5237A>C,p.(His1746Pro),5237,BRCT_region,missense,0.000,LOF,-2.566,-0.186,Missense,PM2_Supporting:Supporting:1;PS3:Strong:4,5
37,tier3_medium,pathogenic_neighborhood,PS3;near_pathogenic_dense,yes,no,BRCA1,c.286G>C,p.(Asp96His),286,N_terminal_RING_region,missense,0.060,LOF,-2.562,-0.728,Missense,PM2_Supporting:Supporting:1;PS3:Strong:4,5
37,tier3_medium,pathogenic_neighborhood,PS3;near_pathogenic_dense,yes,no,BRCA1,c.122A>C,p.(His41Pro),122,N_terminal_RING_region,missense,0.010,LOF,-2.560,-0.632,Missense,PM2_Supporting:Supporting:1;PS3:Strong:4,5
37,tier3_medium,pathogenic_neighborhood,PS3;near_pathogenic_dense,yes,no,BRCA1,c.117T>G,p.(Cys39Trp),117,N_terminal_RING_region,missense,0.010,LOF,-2.534,-0.425,Missense,PM2_Supporting:Supporting:1;PS3:Strong:4,5
45,tier3_medium,pathogenic_neighborhood,within_10bp_boundary;PS3;near_pathogenic_dense,yes,no,BRCA1,c.130T>G,p.(Cys44Gly),130,N_terminal_RING_region,missense,0.040,LOF,-2.532,-0.438,Missense,PM2_Supporting:Supporting:1;PS3:Strong:4,5
37,tier3_medium,pathogenic_neighborhood,PS3;near_pathogenic_dense,yes,no,BRCA1,c.5215G>T,p.(Asp1739Tyr),5215,BRCT_region,missense,0.000,LOF,-2.529,-0.407,Missense,PM2_Supporting:Supporting:1;PS3:Strong:4,5
45,tier3_medium,functional_or_same_aa,within_2bp_boundary;PS3,no,no,BRCA1,c.1A>C,p.(Met1Leu),1,N_terminal_RING_region,initiation_codon,0.020,LOF,-2.517,-0.514,Missense,PM2_Supporting:Supporting:1;PS3:Strong:4,5
37,tier3_medium,pathogenic_neighborhood,PS3;near_pathogenic_dense,yes,no,BRCA1,c.289A>C,p.(Thr97Pro),289,N_terminal_RING_region,missense,0.060,LOF,-2.517,-1.077,Missense,PM2_Supporting:Supporting:1;PS3:Strong:4,5
37,tier3_medium,pathogenic_neighborhood,PS3;near_pathogenic_dense,yes,no,BRCA1,c.5258G>T,p.(Arg1753Ile),5258,BRCT_region,missense,0.000,LOF,-2.517,-0.690,Missense,PM2_Supporting:Supporting:1;PS3:Strong:4,5
49,tier3_medium,pathogenic_neighborhood,SpliceAI>=0.10;PS3;near_pathogenic_dense,yes,no,BRCA1,c.183T>G,p.(Cys61Trp),183,N_terminal_RING_region,missense,0.100,LOF,-2.512,-0.236,Missense,PM2_Supporting:Supporting:1;PS3:Strong:4,5
49,tier3_medium,pathogenic_neighborhood,SpliceAI>=0.10;PS3;near_pathogenic_dense,yes,no,BRCA1,c.245T>G,p.(Leu82Arg),245,N_terminal_RING_region,missense,0.160,LOF,-2.510,0.082,Missense,PM2_Supporting:Supporting:1;PS3:Strong:4,5
37,tier3_medium,pathogenic_neighborhood,PS3;near_pathogenic_dense,yes,no,BRCA1,c.5366C>A,p.(Ala1789Asp),5366,BRCT_region,missense,0.000,LOF,-2.498,-0.471,Missense,PM2_Supporting:Supporting:1;PS3:Strong:4,5
25,tier3_medium,functional_or_same_aa,PS3,no,no,BRCA1,c.4964C>A,p.(Ser1655Tyr),4964,BRCT_region,missense,0.000,LOF,-2.498,-1.114,Missense,PM2_Supporting:Supporting:1;PS3:Strong:4,5
37,tier3_medium,pathogenic_neighborhood,PS3;near_pathogenic_dense,yes,no,BRCA1,c.110C>A,p.(Thr37Lys),110,N_terminal_RING_region,missense,0.000,LOF,-2.494,-0.781,Missense,PM2_Supporting:Supporting:1;PS3:Strong:4,5
37,tier3_medium,pathogenic_neighborhood,PS3;near_pathogenic_dense,yes,no,BRCA1,c.5099C>T,p.(Thr1700Ile),5099,BRCT_region,missense,0.020,LOF,-2.492,-0.288,Missense,PM2_Supporting:Supporting:1;PS3:Strong:4,5
37,tier3_medium,pathogenic_neighborhood,PS3;near_pathogenic_dense,yes,no,BRCA1,c.110C>G,p.(Thr37Arg),110,N_terminal_RING_region,missense,0.010,LOF,-2.486,-0.725,Missense,PM2_Supporting:Supporting:1;PS3:Strong:4,5
45,tier3_medium,pathogenic_neighborhood,within_10bp_boundary;PS3;near_pathogenic_dense,yes,no,BRCA1,c.5200T>G,p.(Phe1734Val),5200,BRCT_region,missense,0.000,LOF,-2.481,-0.467,Missense,PM2_Supporting:Supporting:1;PS3:Strong:4,5
37,tier3_medium,pathogenic_neighborhood,PS3;near_pathogenic_dense,yes,no,BRCA1,c.5216A>C,p.(Asp1739Ala),5216,BRCT_region,missense,0.000,LOF,-2.476,0.150,Missense,PM2_Supporting:Supporting:1;PS3:Strong:4,5
25,tier3_medium,functional_or_same_aa,PS3,no,no,BRCA1,c.32T>G,p.(Val11Gly),32,N_terminal_RING_region,missense,0.040,LOF,-2.474,-0.384,Missense,PM2_Supporting:Supporting:1;PS3:Strong:4,5
49,tier3_medium,pathogenic_neighborhood,SpliceAI>=0.10;PS3;near_pathogenic_dense,yes,no,BRCA1,c.53T>G,p.(Met18Arg),53,N_terminal_RING_region,missense,0.190,LOF,-2.446,-1.374,Missense,PM2_Supporting:Supporting:1;PS3:Strong:4,5
45,tier3_medium,pathogenic_neighborhood,within_10bp_boundary;PS3;near_pathogenic_dense,yes,no,BRCA1,c.139T>G,p.(Cys47Gly),139,N_terminal_RING_region,missense,0.020,LOF,-2.436,-0.742,Missense,PM2_Supporting:Supporting:1;PS3:Strong:4,5
37,tier3_medium,pathogenic_neighborhood,PS3;near_pathogenic_dense,yes,no,BRCA1,c.5213G>C,p.(Gly1738Ala),5213,BRCT_region,missense,0.000,LOF,-2.424,-0.149,Missense,PM2_Supporting:Supporting:1;PS3:Strong:4,5
37,tier3_medium,pathogenic_neighborhood,PS3;near_pathogenic_dense,yes,no,BRCA1,c.5257A>G,p.(Arg1753Gly),5257,BRCT_region,missense,0.000,LOF,-2.421,-0.363,Missense,PM2_Supporting:Supporting:1;PS3:Strong:4,5
37,tier3_medium,pathogenic_neighborhood,PS3;near_pathogenic_dense,yes,no,BRCA1,c.115T>C,p.(Cys39Arg),115,N_terminal_RING_region,missense,0.010,LOF,-2.404,-0.556,Missense,PM2_Supporting:Supporting:1;PS3:Strong:4,5
37,tier3_medium,pathogenic_neighborhood,PS3;near_pathogenic_dense,yes,no,BRCA1,c.104T>A,p.(Val35Asp),104,N_terminal_RING_region,missense,0.010,LOF,-2.399,-0.736,Missense,PM2_Supporting:Supporting:1;PS3:Strong:4,5
45,tier3_medium,pathogenic_neighborhood,within_10bp_boundary;PS3;near_pathogenic_dense,yes,no,BRCA1,c.131G>A,p.(Cys44Tyr),131,N_terminal_RING_region,missense,0.010,LOF,-2.398,0.047,Missense,PM2_Supporting:Supporting:1;PS3:Strong:4,5
37,tier3_medium,pathogenic_neighborhood,PS3;near_pathogenic_dense,yes,no,BRCA1,c.5090G>T,p.(Cys1697Phe),5090,BRCT_region,missense,0.000,LOF,-2.396,-0.325,Missense,PM2_Supporting:Supporting:1;PS3:Strong:4,5
49,tier3_medium,pathogenic_neighborhood,SpliceAI>=0.10;PS3;near_pathogenic_dense,yes,no,BRCA1,c.5056C>A,p.(His1686Asn),5056,BRCT_region,missense,0.190,LOF,-2.394,-1.829,Missense,PM2_Supporting:Supporting:1;PS3:Strong:4,5
37,tier3_medium,pathogenic_neighborhood,PS3;near_pathogenic_dense,yes,no,BRCA1,c.53T>A,p.(Met18Lys),53,N_terminal_RING_region,missense,0.030,LOF,-2.390,-1.123,Missense,PM2_Supporting:Supporting:1;PS3:Strong:4,5
37,tier3_medium,pathogenic_neighborhood,PS3;near_pathogenic_dense,yes,no,BRCA1,c.190T>A,p.(Cys64Ser),190,N_terminal_RING_region,missense,0.030,LOF,-2.390,-0.064,Missense,PM2_Supporting:Supporting:1;PS3:Strong:4,5
37,tier3_medium,pathogenic_neighborhood,PS3;near_pathogenic_dense,yes,no,BRCA1,c.5116G>A,p.(Gly1706Arg),5116,BRCT_region,missense,0.060,LOF,-2.380,-0.221,Missense,PM2_Supporting:Supporting:1;PS3:Strong:4,5
37,tier3_medium,pathogenic_neighborhood,PS3;near_pathogenic_dense,yes,no,BRCA1,c.5206G>T,p.(Val1736Phe),5206,BRCT_region,missense,0.000,LOF,-2.380,-0.913,Missense,PM2_Supporting:Supporting:1;PS3:Strong:4,5
49,tier3_medium,pathogenic_neighborhood,SpliceAI>=0.10;PS3;near_pathogenic_dense,yes,no,BRCA1,c.248T>A,p.(Val83Asp),248,N_terminal_RING_region,missense,0.150,LOF,-2.379,0.871,Missense,PM2_Supporting:Supporting:1;PS3:Strong:4,5
45,tier3_medium,pathogenic_neighborhood,within_10bp_boundary;PS3;near_pathogenic_dense,yes,no,BRCA1,c.5200T>C,p.(Phe1734Leu),5200,BRCT_region,missense,0.000,LOF,-2.373,-0.234,Missense,PM2_Supporting:Supporting:1;PS3:Strong:4,5
45,tier3_medium,pathogenic_neighborhood,within_10bp_boundary;PS3;near_pathogenic_dense,yes,no,BRCA1,c.5339T>C,p.(Leu1780Pro),5339,BRCT_region,missense,0.000,LOF,-2.355,-0.400,Missense,PS3:Strong:4,4
45,tier3_medium,pathogenic_neighborhood,within_10bp_boundary;PS3;near_pathogenic_dense,yes,no,BRCA1,c.5162A>C,p.(Gln1721Pro),5162,BRCT_region,missense,0.000,LOF,-2.353,,Missense,PM2_Supporting:Supporting:1;PS3:Strong:4,5
37,tier3_medium,pathogenic_neighborhood,PS3;near_pathogenic_dense,yes,no,BRCA1,c.5107T>G,p.(Tyr1703Asp),5107,BRCT_region,missense,0.070,LOF,-2.349,-0.328,Missense,PM2_Supporting:Supporting:1;PS3:Strong:4,5
37,tier3_medium,pathogenic_neighborhood,PS3;near_pathogenic_dense,yes,no,BRCA1,c.5119A>T,p.(Ile1707Phe),5119,BRCT_region,missense,0.010,LOF,-2.348,-0.470,Missense,PM2_Supporting:Supporting:1;PS3:Strong:4,5
49,tier3_medium,pathogenic_neighborhood,SpliceAI>=0.10;PS3;near_pathogenic_dense,yes,no,BRCA1,c.5060T>G,p.(Val1687Gly),5060,BRCT_region,missense,0.150,LOF,-2.334,-0.278,Missense,PM2_Supporting:Supporting:1;PS3:Strong:4,5
37,tier3_medium,pathogenic_neighborhood,PS3;near_pathogenic_dense,yes,no,BRCA1,c.123C>A,p.(His41Gln),123,N_terminal_RING_region,missense,0.010,LOF,-2.325,-0.428,Missense,PM2_Supporting:Supporting:1;PS3:Strong:4,5
37,tier3_medium,pathogenic_neighborhood,PS3;near_pathogenic_dense,yes,no,BRCA1,c.5117G>T,p.(Gly1706Val),5117,BRCT_region,missense,0.070,LOF,-2.323,-0.507,Missense,PM2_Supporting:Supporting:1;PS3:Strong:4,5
37,tier3_medium,pathogenic_neighborhood,PS3;near_pathogenic_dense,yes,no,BRCA1,c.116G>T,p.(Cys39Phe),116,N_terminal_RING_region,missense,0.000,LOF,-2.321,-0.738,Missense,PM2_Supporting:Supporting:1;PS3:Strong:4,5
45,tier3_medium,pathogenic_neighborhood,within_10bp_boundary;PS3;near_pathogenic_dense,yes,no,BRCA1,c.70T>G,p.(Cys24Gly),70,N_terminal_RING_region,missense,0.010,LOF,-2.315,-0.104,Missense,PM2_Supporting:Supporting:1;PS3:Strong:4,5
37,tier3_medium,pathogenic_neighborhood,PS3;near_pathogenic_dense,yes,no,BRCA1,c.5236C>T,p.(His1746Tyr),5236,BRCT_region,missense,0.000,LOF,-2.305,-0.086,Missense,PM2_Supporting:Supporting:1;PS3:Strong:4,5
37,tier3_medium,pathogenic_neighborhood,PS3;near_pathogenic_dense,yes,no,BRCA1,c.5120T>G,p.(Ile1707Ser),5120,BRCT_region,missense,0.030,LOF,-2.295,-0.299,Missense,PM2_Supporting:Supporting:1;PS3:Strong:4,5
37,tier3_medium,pathogenic_neighborhood,PS3;near_pathogenic_dense,yes,no,BRCA1,c.121C>A,p.(His41Asn),121,N_terminal_RING_region,missense,0.020,LOF,-2.291,-0.608,Missense,PM2_Supporting:Supporting:1;PS3:Strong:4,5
49,tier3_medium,pathogenic_neighborhood,SpliceAI>=0.10;PS3;near_pathogenic_dense,yes,no,BRCA1,c.279T>G,p.(Phe93Leu),279,N_terminal_RING_region,missense,0.100,LOF,-2.283,-0.131,Missense,PM2_Supporting:Supporting:1;PS3:Strong:4,5
37,tier3_medium,pathogenic_neighborhood,PS3;near_pathogenic_dense,yes,no,BRCA1,c.5098A>C,p.(Thr1700Pro),5098,BRCT_region,missense,0.030,LOF,-2.280,-0.237,Missense,PM2_Supporting:Supporting:1;PS3:Strong:4,5
37,tier3_medium,pathogenic_neighborhood,PS3;near_pathogenic_dense,yes,no,BRCA1,c.5104A>C,p.(Lys1702Gln),5104,BRCT_region,missense,0.050,LOF,-2.279,-0.400,Missense,PM2_Supporting:Supporting:1;PS3:Strong:4,5
37,tier3_medium,pathogenic_neighborhood,PS3;near_pathogenic_dense,yes,no,BRCA1,c.5297T>C,p.(Ile1766Thr),5297,BRCT_region,missense,0.000,LOF,-2.273,-0.355,Missense,PM2_Supporting:Supporting:1;PS3:Strong:4,5
37,tier3_medium,pathogenic_neighborhood,PS3;near_pathogenic_dense,yes,no,BRCA1,c.5122G>C,p.(Ala1708Pro),5122,BRCT_region,missense,0.080,LOF,-2.263,-0.253,Missense,PM2_Supporting:Supporting:1;PS3:Strong:4,5
37,tier3_medium,pathogenic_neighborhood,PS3;near_pathogenic_dense,yes,no,BRCA1,c.274G>A,p.(Ala92Thr),274,N_terminal_RING_region,missense,0.080,LOF,-2.262,-0.510,Missense,PM2_Supporting:Supporting:1;PS3:Strong:4,5
45,tier3_medium,pathogenic_neighborhood,within_10bp_boundary;PS3;near_pathogenic_dense,yes,no,BRCA1,c.141C>G,p.(Cys47Trp),141,N_terminal_RING_region,missense,0.090,LOF,-2.257,-0.187,Missense,PM2_Supporting:Supporting:1;PS3:Strong:4,5
45,tier3_medium,pathogenic_neighborhood,within_10bp_boundary;PS3;near_pathogenic_dense,yes,no,BRCA1,c.5200T>A,p.(Phe1734Ile),5200,BRCT_region,missense,0.000,LOF,-2.255,-0.651,Missense,PM2_Supporting:Supporting:1;PS3:Strong:4,5
37,tier3_medium,pathogenic_neighborhood,PS3;near_pathogenic_dense,yes,no,BRCA1,c.5091T>G,p.(Cys1697Trp),5091,BRCT_region,missense,0.080,LOF,-2.250,-0.248,Missense,PM2_Supporting:Supporting:1;PS3:Strong:4,5
49,tier3_medium,pathogenic_neighborhood,SpliceAI>=0.10;PS3;near_pathogenic_dense,yes,no,BRCA1,c.5116G>C,p.(Gly1706Arg),5116,BRCT_region,missense,0.160,LOF,-2.239,-0.313,Missense,PM2_Supporting:Supporting:1;PS3:Strong:4,5
37,tier3_medium,pathogenic_neighborhood,PS3;near_pathogenic_dense,yes,no,BRCA1,c.116G>C,p.(Cys39Ser),116,N_terminal_RING_region,missense,0.010,LOF,-2.235,-0.687,Missense,PM2_Supporting:Supporting:1;PS3:Strong:4,5
37,tier3_medium,pathogenic_neighborhood,PS3;near_pathogenic_dense,yes,no,BRCA1,c.123C>G,p.(His41Gln),123,N_terminal_RING_region,missense,0.010,LOF,-2.227,-0.287,Missense,PM2_Supporting:Supporting:1;PS3:Strong:4,5
45,tier3_medium,functional_or_same_aa,within_2bp_boundary;PS3,no,no,BRCA1,c.3G>C,p.(Met1Ile),3,N_terminal_RING_region,initiation_codon,0.010,LOF,-2.226,-0.061,Missense,PM2_Supporting:Supporting:1;PS3:Strong:4,5
37,tier3_medium,pathogenic_neighborhood,PS3;near_pathogenic_dense,yes,no,BRCA1,c.5510G>C,p.(Trp1837Ser),5510,BRCT_region,missense,0.000,LOF,-2.225,-0.367,Missense,PM2_Supporting:Supporting:1;PS3:Strong:4,5
37,tier3_medium,pathogenic_neighborhood,PS3;near_pathogenic_dense,yes,no,BRCA1,c.115T>G,p.(Cys39Gly),115,N_terminal_RING_region,missense,0.000,LOF,-2.224,-0.599,Missense,PM2_Supporting:Supporting:1;PS3:Strong:4,5
37,tier3_medium,pathogenic_neighborhood,PS3;near_pathogenic_dense,yes,no,BRCA1,c.5107T>A,p.(Tyr1703Asn),5107,BRCT_region,missense,0.050,LOF,-2.213,-0.241,Missense,PM2_Supporting:Supporting:1;PS3:Strong:4,5
25,tier3_medium,functional_or_same_aa,PS3,no,no,BRCA1,c.32T>A,p.(Val11Glu),32,N_terminal_RING_region,missense,0.050,LOF,-2.205,-0.980,Missense,PM2_Supporting:Supporting:1;PS3:Strong:4,5
45,tier3_medium,pathogenic_neighborhood,within_10bp_boundary;PS3;near_pathogenic_dense,yes,no,BRCA1,c.130T>C,p.(Cys44Arg),130,N_terminal_RING_region,missense,0.020,LOF,-2.198,-0.988,Missense,PM2_Supporting:Supporting:1;PS3:Strong:4,5
37,tier3_medium,pathogenic_neighborhood,PS3;near_pathogenic_dense,yes,no,BRCA1,c.5362G>C,p.(Gly1788Arg),5362,BRCT_region,missense,0.000,LOF,-2.186,-0.295,Missense,PM2_Supporting:Supporting:1;PS3:Strong:4,5
37,tier3_medium,pathogenic_neighborhood,PS3;near_pathogenic_dense,yes,no,BRCA1,c.5522G>T,p.(Ser1841Ile),5522,BRCT_region,missense,0.000,LOF,-2.186,-0.824,Missense,PM2_Supporting:Supporting:1;PS3:Strong:4,5
37,tier3_medium,pathogenic_neighborhood,PS3;near_pathogenic_dense,yes,no,BRCA1,c.35A>C,p.(Gln12Pro),35,N_terminal_RING_region,missense,0.020,LOF,-2.185,-1.069,Missense,PM2_Supporting:Supporting:1;PS3:Strong:4,5
37,tier3_medium,pathogenic_neighborhood,PS3;near_pathogenic_dense,yes,no,BRCA1,c.5138T>A,p.(Val1713Glu),5138,BRCT_region,missense,0.090,LOF,-2.184,-0.341,Missense,PM2_Supporting:Supporting:1;PS3:Strong:4,5
37,tier3_medium,pathogenic_neighborhood,PS3;near_pathogenic_dense,yes,no,BRCA1,c.56A>C,p.(Gln19Pro),56,N_terminal_RING_region,missense,0.020,LOF,-2.169,-0.189,Missense,PM2_Supporting:Supporting:1;PS3:Strong:4,5
37,tier3_medium,pathogenic_neighborhood,PS3;near_pathogenic_dense,yes,no,BRCA1,c.5510G>T,p.(Trp1837Leu),5510,BRCT_region,missense,0.000,LOF,-2.169,0.483,Missense,PM2_Supporting:Supporting:1;PS3:Strong:4,5
37,tier3_medium,pathogenic_neighborhood,PS3;near_pathogenic_dense,yes,no,BRCA1,c.5557T>A,p.(Tyr1853Asn),5557,BRCT_region,missense,0.000,LOF,-2.167,-1.202,Missense,PM2_Supporting:Supporting:1;PS3:Strong:4,5
49,tier3_medium,pathogenic_neighborhood,SpliceAI>=0.10;PS3;near_pathogenic_dense,yes,no,BRCA1,c.5114T>C,p.(Leu1705Pro),5114,BRCT_region,missense,0.150,LOF,-2.154,-0.103,Missense,PM2_Supporting:Supporting:1;PS3:Strong:4,5
37,tier3_medium,pathogenic_neighborhood,PS3;near_pathogenic_dense,yes,no,BRCA1,c.5110T>G,p.(Phe1704Val),5110,BRCT_region,missense,0.050,LOF,-2.147,-0.022,Missense,PM2_Supporting:Supporting:1;PS3:Strong:4,5
45,tier3_medium,pathogenic_neighborhood,within_10bp_boundary;PS3;near_pathogenic_dense,yes,no,BRCA1,c.71G>A,p.(Cys24Tyr),71,N_terminal_RING_region,missense,0.010,LOF,-2.143,-0.919,Missense,PM2_Supporting:Supporting:1;PS3:Strong:4,5
37,tier3_medium,pathogenic_neighborhood,PS3;near_pathogenic_dense,yes,no,BRCA1,c.121C>G,p.(His41Asp),121,N_terminal_RING_region,missense,0.020,LOF,-2.142,-0.414,Missense,PM2_Supporting:Supporting:1;PS3:Strong:4,5
37,tier3_medium,pathogenic_neighborhood,PS3;near_pathogenic_dense,yes,no,BRCA1,c.5365G>A,p.(Ala1789Thr),5365,BRCT_region,missense,0.000,LOF,-2.139,-0.418,Missense,PS3:Strong:4,4
37,tier3_medium,pathogenic_neighborhood,PS3;near_pathogenic_dense,yes,no,BRCA1,c.5134T>G,p.(Trp1712Gly),5134,BRCT_region,missense,0.030,LOF,-2.136,-0.404,Missense,PM2_Supporting:Supporting:1;PS3:Strong:4,5
37,tier3_medium,pathogenic_neighborhood,PS3;near_pathogenic_dense,yes,no,BRCA1,c.5259A>T,p.(Arg1753Ser),5259,BRCT_region,missense,0.000,LOF,-2.129,-0.836,Missense,PM2_Supporting:Supporting:1;PS3:Strong:4,5
45,tier3_medium,pathogenic_neighborhood,within_10bp_boundary;PS3;near_pathogenic_dense,yes,no,BRCA1,c.143T>A,p.(Met48Lys),143,N_terminal_RING_region,missense,0.060,LOF,-2.125,-0.840,Missense,PM2_Supporting:Supporting:1;PS3:Strong:4,5
37,tier3_medium,pathogenic_neighborhood,PS3;near_pathogenic_dense,yes,no,BRCA1,c.5111T>A,p.(Phe1704Tyr),5111,BRCT_region,missense,0.020,LOF,-2.123,-0.320,Missense,PM2_Supporting:Supporting:1;PS3:Strong:4,5
37,tier3_medium,pathogenic_neighborhood,PS3;near_pathogenic_dense,yes,no,BRCA1,c.5348T>G,p.(Met1783Arg),5348,BRCT_region,missense,0.010,LOF,-2.114,-0.728,Missense,PM2_Supporting:Supporting:1;PS3:Strong:4,5
37,tier3_medium,pathogenic_neighborhood,PS3;near_pathogenic_dense,yes,no,BRCA1,c.5111T>C,p.(Phe1704Ser),5111,BRCT_region,missense,0.060,LOF,-2.111,-0.217,Missense,PM2_Supporting:Supporting:1;PS3:Strong:4,5
37,tier3_medium,pathogenic_neighborhood,PS3;near_pathogenic_dense,yes,no,BRCA1,c.104T>G,p.(Val35Gly),104,N_terminal_RING_region,missense,0.000,LOF,-2.111,-0.700,Missense,PS3:Strong:4,4
37,tier3_medium,pathogenic_neighborhood,PS3;near_pathogenic_dense,yes,no,BRCA1,c.65T>C,p.(Leu22Ser),65,N_terminal_RING_region,missense,0.040,LOF,-2.107,-0.791,Missense,PM2_Supporting:Supporting:1;PS3:Strong:4,5
37,tier3_medium,pathogenic_neighborhood,PS3;near_pathogenic_dense,yes,no,BRCA1,c.5240A>C,p.(Gln1747Pro),5240,BRCT_region,missense,0.000,LOF,-2.105,-0.442,Missense,PM2_Supporting:Supporting:1;PS3:Strong:4,5
37,tier3_medium,pathogenic_neighborhood,PS3;near_pathogenic_dense,yes,no,BRCA1,c.44T>C,p.(Ile15Thr),44,N_terminal_RING_region,missense,0.000,LOF,-2.097,-1.300,Missense,PM2_Supporting:Supporting:1;PS3:Strong:4,5
37,tier3_medium,pathogenic_neighborhood,PS3;near_pathogenic_dense,yes,no,BRCA1,c.5246C>T,p.(Pro1749Leu),5246,BRCT_region,missense,0.000,LOF,-2.092,-0.455,Missense,PM2_Supporting:Supporting:1;PS3:Strong:4,5
37,tier3_medium,pathogenic_neighborhood,PS3;near_pathogenic_dense,yes,no,BRCA1,c.5351T>A,p.(Val1784Glu),5351,BRCT_region,missense,0.000,LOF,-2.083,-0.269,Missense,PM2_Supporting:Supporting:1;PS3:Strong:4,5
49,tier3_medium,pathogenic_neighborhood,SpliceAI>=0.10;PS3;near_pathogenic_dense,yes,no,BRCA1,c.275C>A,p.(Ala92Asp),275,N_terminal_RING_region,missense,0.110,LOF,-2.082,-0.732,Missense,PM2_Supporting:Supporting:1;PS3:Strong:4,5
45,tier3_medium,pathogenic_neighborhood,within_10bp_boundary;PS3;near_pathogenic_dense,yes,no,BRCA1,c.5202T>A,p.(Phe1734Leu),5202,BRCT_region,missense,0.030,LOF,-2.078,-0.436,Missense,PM2_Supporting:Supporting:1;PS3:Strong:4,5
45,tier3_medium,pathogenic_neighborhood,within_10bp_boundary;PS3;near_pathogenic_dense,yes,no,BRCA1,c.5472T>G,p.(Ile1824Met),5472,BRCT_region,missense,0.010,LOF,-2.078,-2.326,Missense,PM2_Supporting:Supporting:1;PS3:Strong:4,5
37,tier3_medium,pathogenic_neighborhood,PS3;near_pathogenic_dense,yes,no,BRCA1,c.5099C>A,p.(Thr1700Lys),5099,BRCT_region,missense,0.030,LOF,-2.075,0.107,Missense,PM2_Supporting:Supporting:1;PS3:Strong:4,5
37,tier3_medium,pathogenic_neighborhood,PS3;near_pathogenic_dense,yes,no,BRCA1,c.5141T>A,p.(Val1714Asp),5141,BRCT_region,missense,0.020,LOF,-2.075,-0.097,Missense,PM2_Supporting:Supporting:1;PS3:Strong:4,5
49,tier3_medium,pathogenic_neighborhood,SpliceAI>=0.10;PS3;near_pathogenic_dense,yes,no,BRCA1,c.5059G>T,p.(Val1687Phe),5059,BRCT_region,missense,0.160,LOF,-2.070,-1.418,Missense,PM2_Supporting:Supporting:1;PS3:Strong:4,5
37,tier3_medium,pathogenic_neighborhood,PS3;near_pathogenic_dense,yes,no,BRCA1,c.5041A>C,p.(Thr1681Pro),5041,BRCT_region,missense,0.090,LOF,-2.066,-0.518,Missense,PM2_Supporting:Supporting:1;PS3:Strong:4,5
37,tier3_medium,pathogenic_neighborhood,PS3;near_pathogenic_dense,yes,no,BRCA1,c.5108A>C,p.(Tyr1703Ser),5108,BRCT_region,missense,0.060,LOF,-2.066,-0.305,Missense,PM2_Supporting:Supporting:1;PS3:Strong:4,5
25,tier3_medium,functional_or_same_aa,PS3,no,no,BRCA1,c.5431C>A,p.(Gln1811Lys),5431,BRCT_region,missense,0.060,LOF,-2.062,-0.376,Missense,PM2_Supporting:Supporting:1;PS3:Strong:4,5
37,tier3_medium,pathogenic_neighborhood,PS3;near_pathogenic_dense,yes,no,BRCA1,c.5090G>A,p.(Cys1697Tyr),5090,BRCT_region,missense,0.030,LOF,-2.058,-0.313,Missense,PM2_Supporting:Supporting:1;PS3:Strong:4,5
37,tier3_medium,pathogenic_neighborhood,PS3;near_pathogenic_dense,yes,no,BRCA1,c.101C>G,p.(Pro34Arg),101,N_terminal_RING_region,missense,0.010,LOF,-2.043,-0.577,Missense,PM2_Supporting:Supporting:1;PS3:Strong:4,5
37,tier3_medium,pathogenic_neighborhood,PS3;near_pathogenic_dense,yes,no,BRCA1,c.5525T>A,p.(Val1842Glu),5525,BRCT_region,missense,0.000,LOF,-2.027,-0.463,Missense,PM2_Supporting:Supporting:1;PS3:Strong:4,5
49,tier3_medium,pathogenic_neighborhood,SpliceAI>=0.10;PS3;near_pathogenic_dense,yes,no,BRCA1,c.5098A>G,p.(Thr1700Ala),5098,BRCT_region,missense,0.140,LOF,-2.023,-0.059,Missense,PM2_Supporting:Supporting:1;PS3:Strong:4,5
45,tier3_medium,pathogenic_neighborhood,within_10bp_boundary;PS3;near_pathogenic_dense,yes,no,BRCA1,c.5144G>T,p.(Ser1715Ile),5144,BRCT_region,missense,0.080,LOF,-2.023,-0.633,Missense,PM2_Supporting:Supporting:1;PS3:Strong:4,5
37,tier3_medium,pathogenic_neighborhood,PS3;near_pathogenic_dense,yes,no,BRCA1,c.121C>T,p.(His41Tyr),121,N_terminal_RING_region,missense,0.010,LOF,-2.022,-0.348,Missense,PM2_Supporting:Supporting:1;PS3:Strong:4,5
49,tier3_medium,pathogenic_neighborhood,SpliceAI>=0.10;PS3;near_pathogenic_dense,yes,no,BRCA1,c.5104A>G,p.(Lys1702Glu),5104,BRCT_region,missense,0.110,LOF,-2.020,-0.027,Missense,PM2_Supporting:Supporting:1;PS3:Strong:4,5
37,tier3_medium,pathogenic_neighborhood,PS3;near_pathogenic_dense,yes,no,BRCA1,c.5105A>T,p.(Lys1702Ile),5105,BRCT_region,missense,0.070,LOF,-2.018,-0.074,Missense,PM2_Supporting:Supporting:1;PS3:Strong:4,5
37,tier3_medium,pathogenic_neighborhood,PS3;near_pathogenic_dense,yes,no,BRCA1,c.5366C>T,p.(Ala1789Val),5366,BRCT_region,missense,0.000,LOF,-2.000,-0.618,Missense,PM2_Supporting:Supporting:1;PS3:Strong:4,5
49,tier3_medium,pathogenic_neighborhood,SpliceAI>=0.10;PS3;near_pathogenic_dense,yes,no,BRCA1,c.257T>C,p.(Leu86Pro),257,N_terminal_RING_region,missense,0.110,LOF,-1.996,-0.138,Missense,PM2_Supporting:Supporting:1;PS3:Strong:4,5
27,tier3_medium,pathogenic_neighborhood,PP4;near_pathogenic_dense,yes,no,BRCA1,c.5216A>T,p.(Asp1739Val),5216,BRCT_region,missense,0.000,LOF,-1.994,-0.430,Missense,PM2_Supporting:Supporting:1;PP4:Strong:4,5
45,tier3_medium,pathogenic_neighborhood,within_10bp_boundary;PS3;near_pathogenic_dense,yes,no,BRCA1,c.77T>A,p.(Ile26Asn),77,N_terminal_RING_region,missense,0.000,LOF,-1.988,-0.019,Missense,PM2_Supporting:Supporting:1;PS3:Strong:4,5
45,tier3_medium,pathogenic_neighborhood,within_10bp_boundary;PS3;near_pathogenic_dense,yes,no,BRCA1,c.5339T>G,p.(Leu1780Arg),5339,BRCT_region,missense,0.000,LOF,-1.983,-0.297,Missense,PM2_Supporting:Supporting:1;PS3:Strong:4,5
37,tier3_medium,pathogenic_neighborhood,PS3;near_pathogenic_dense,yes,no,BRCA1,c.5513T>G,p.(Val1838Gly),5513,BRCT_region,missense,0.010,LOF,-1.980,-0.961,Missense,PM2_Supporting:Supporting:1;PS3:Strong:4,5
37,tier3_medium,pathogenic_neighborhood,PS3;near_pathogenic_dense,yes,no,BRCA1,c.5106A>C,p.(Lys1702Asn),5106,BRCT_region,missense,0.040,LOF,-1.975,0.043,Missense,PM2_Supporting:Supporting:1;PS3:Strong:4,5
49,tier3_medium,pathogenic_neighborhood,SpliceAI>=0.10;PS3;near_pathogenic_dense,yes,no,BRCA1,c.5057A>C,p.(His1686Pro),5057,BRCT_region,missense,0.180,LOF,-1.966,0.049,Missense,PM2_Supporting:Supporting:1;PS3:Strong:4,5
45,tier3_medium,functional_or_same_aa,within_2bp_boundary;PS3,no,no,BRCA1,c.1A>T,p.(Met1Leu),1,N_terminal_RING_region,initiation_codon,0.010,LOF,-1.966,-0.465,Missense,PM2_Supporting:Supporting:1;PS3:Strong:4,5
37,tier3_medium,pathogenic_neighborhood,PS3;near_pathogenic_dense,yes,no,BRCA1,c.5537A>C,p.(Gln1846Pro),5537,BRCT_region,missense,0.000,LOF,-1.966,-0.729,Missense,PM2_Supporting:Supporting:1;PS3:Strong:4,5
45,tier3_medium,pathogenic_neighborhood,within_10bp_boundary;PS3;near_pathogenic_dense,yes,no,BRCA1,c.140G>T,p.(Cys47Phe),140,N_terminal_RING_region,missense,0.020,LOF,-1.960,-0.236,Missense,PM2_Supporting:Supporting:1;PS3:Strong:4,5
37,tier3_medium,pathogenic_neighborhood,PS3;near_pathogenic_dense,yes,no,BRCA1,c.115T>A,p.(Cys39Ser),115,N_terminal_RING_region,missense,0.010,LOF,-1.959,-0.690,Missense,PM2_Supporting:Supporting:1;PS3:Strong:4,5
37,tier3_medium,pathogenic_neighborhood,PS3;near_pathogenic_dense,yes,no,BRCA1,c.5361T>G,p.(Cys1787Trp),5361,BRCT_region,missense,0.000,LOF,-1.955,-0.547,Missense,PM2_Supporting:Supporting:1;PS3:Strong:4,5
37,tier3_medium,pathogenic_neighborhood,PS3;near_pathogenic_dense,yes,no,BRCA1,c.5432A>C,p.(Gln1811Pro),5432,BRCT_region,missense,0.040,LOF,-1.947,-0.671,Missense,PM2_Supporting:Supporting:1;PS3:Strong:4,5
45,tier3_medium,pathogenic_neighborhood,within_10bp_boundary;PS3;near_pathogenic_dense,yes,no,BRCA1,c.218T>A,p.(Leu73Gln),218,N_terminal_RING_region,missense,0.040,LOF,-1.945,-0.241,Missense,PM2_Supporting:Supporting:1;PS3:Strong:4,5
37,tier3_medium,pathogenic_neighborhood,PS3;near_pathogenic_dense,yes,no,BRCA1,c.5106A>T,p.(Lys1702Asn),5106,BRCT_region,missense,0.040,LOF,-1.943,-0.289,Missense,PM2_Supporting:Supporting:1;PS3:Strong:4,5
37,tier3_medium,pathogenic_neighborhood,PS3;near_pathogenic_dense,yes,no,BRCA1,c.182G>T,p.(Cys61Phe),182,N_terminal_RING_region,missense,0.030,LOF,-1.938,-0.763,Missense,PM2_Supporting:Supporting:1;PS3:Strong:4,5
37,tier3_medium,pathogenic_neighborhood,PS3;near_pathogenic_dense,yes,no,BRCA1,c.5258G>A,p.(Arg1753Lys),5258,BRCT_region,missense,0.000,LOF,-1.934,-0.010,Missense,PM2_Supporting:Supporting:1;PS3:Strong:4,5
25,tier3_medium,functional_or_same_aa,PS3,no,no,BRCA1,c.5420T>G,p.(Ile1807Ser),5420,BRCT_region,missense,0.040,LOF,-1.933,-0.614,Missense,PM2_Supporting:Supporting:1;PS3:Strong:4,5
37,tier3_medium,pathogenic_neighborhood,PS3;near_pathogenic_dense,yes,no,BRCA1,c.5207T>A,p.(Val1736Asp),5207,BRCT_region,missense,0.000,LOF,-1.931,-0.073,Missense,PM2_Supporting:Supporting:1;PS3:Strong:4,5
37,tier3_medium,functional_or_same_aa,SpliceAI>=0.10;PS3,no,no,BRCA1,c.5423T>G,p.(Val1808Gly),5423,BRCT_region,missense,0.120,LOF,-1.930,-0.368,Missense,PM2_Supporting:Supporting:1;PS3:Strong:4,5
49,tier3_medium,pathogenic_neighborhood,SpliceAI>=0.10;PS3;near_pathogenic_dense,yes,no,BRCA1,c.5058T>G,p.(His1686Gln),5058,BRCT_region,missense,0.150,LOF,-1.929,-0.756,Missense,PM2_Supporting:Supporting:1;PS3:Strong:4,5
45,tier3_medium,pathogenic_neighborhood,within_10bp_boundary;PS3;near_pathogenic_dense,yes,no,BRCA1,c.140G>C,p.(Cys47Ser),140,N_terminal_RING_region,missense,0.030,LOF,-1.928,-0.298,Missense,PM2_Supporting:Supporting:1;PS3:Strong:4,5
37,tier3_medium,pathogenic_neighborhood,PS3;near_pathogenic_dense,yes,no,BRCA1,c.5359T>C,p.(Cys1787Arg),5359,BRCT_region,missense,0.000,LOF,-1.926,-0.060,Missense,PM2_Supporting:Supporting:1;PS3:Strong:4,5
45,tier3_medium,pathogenic_neighborhood,within_10bp_boundary;PS3;near_pathogenic_dense,yes,no,BRCA1,c.5156T>A,p.(Val1719Glu),5156,BRCT_region,missense,0.000,LOF,-1.925,,Missense,PS3:Strong:4,4
37,tier3_medium,pathogenic_neighborhood,PS3;near_pathogenic_dense,yes,no,BRCA1,c.5525T>G,p.(Val1842Gly),5525,BRCT_region,missense,0.000,LOF,-1.922,-1.058,Missense,PM2_Supporting:Supporting:1;PS3:Strong:4,5
37,tier3_medium,pathogenic_neighborhood,PS3;near_pathogenic_dense,yes,no,BRCA1,c.5515T>G,p.(Leu1839Val),5515,BRCT_region,missense,0.000,LOF,-1.911,-0.670,Missense,PM2_Supporting:Supporting:1;PS3:Strong:4,5
45,tier3_medium,pathogenic_neighborhood,within_10bp_boundary;PS3;near_pathogenic_dense,yes,no,BRCA1,c.77T>C,p.(Ile26Thr),77,N_terminal_RING_region,missense,0.000,LOF,-1.908,-0.123,Missense,PM2_Supporting:Supporting:1;PS3:Strong:4,5
25,tier3_medium,functional_or_same_aa,PS3,no,no,BRCA1,c.4955T>G,p.(Met1652Arg),4955,BRCT_region,missense,0.040,LOF,-1.891,-0.807,Missense,PM2_Supporting:Supporting:1;PS3:Strong:4,5
37,tier3_medium,pathogenic_neighborhood,PS3;near_pathogenic_dense,yes,no,BRCA1,c.5138T>G,p.(Val1713Gly),5138,BRCT_region,missense,0.080,LOF,-1.888,-0.297,Missense,PM2_Supporting:Supporting:1;PS3:Strong:4,5
37,tier3_medium,pathogenic_neighborhood,PS3;near_pathogenic_dense,yes,no,BRCA1,c.5362G>T,p.(Gly1788Cys),5362,BRCT_region,missense,0.000,LOF,-1.886,-0.542,Missense,PM2_Supporting:Supporting:1;PS3:Strong:4,5
37,tier3_medium,pathogenic_neighborhood,PS3;near_pathogenic_dense,yes,no,BRCA1,c.5304C>G,p.(Cys1768Trp),5304,BRCT_region,missense,0.000,LOF,-1.884,0.083,Missense,PM2_Supporting:Supporting:1;PS3:Strong:4,5
45,tier3_medium,pathogenic_neighborhood,within_10bp_boundary;PS3;near_pathogenic_dense,yes,no,BRCA1,c.71G>C,p.(Cys24Ser),71,N_terminal_RING_region,missense,0.020,LOF,-1.880,0.745,Missense,PM2_Supporting:Supporting:1;PS3:Strong:4,5
49,tier3_medium,pathogenic_neighborhood,SpliceAI>=0.10;PS3;near_pathogenic_dense,yes,no,BRCA1,c.5062G>T,p.(Val1688Phe),5062,BRCT_region,missense,0.160,LOF,-1.874,0.775,Missense,PM2_Supporting:Supporting:1;PS3:Strong:4,5
45,tier3_medium,pathogenic_neighborhood,within_10bp_boundary;PS3;near_pathogenic_dense,yes,no,BRCA1,c.5202T>G,p.(Phe1734Leu),5202,BRCT_region,missense,0.000,LOF,-1.868,-0.646,Missense,PM2_Supporting:Supporting:1;PS3:Strong:4,5
37,tier3_medium,pathogenic_neighborhood,PS3;near_pathogenic_dense,yes,no,BRCA1,c.101C>T,p.(Pro34Leu),101,N_terminal_RING_region,missense,0.010,LOF,-1.868,-0.349,Missense,PM2_Supporting:Supporting:1;PS3:Strong:4,5
37,tier3_medium,pathogenic_neighborhood,PS3;near_pathogenic_dense,yes,no,BRCA1,c.5522G>C,p.(Ser1841Thr),5522,BRCT_region,missense,0.000,LOF,-1.863,0.453,Missense,PM2_Supporting:Supporting:1;PS3:Strong:4,5
37,tier3_medium,pathogenic_neighborhood,PS3;near_pathogenic_dense,yes,no,BRCA1,c.41T>G,p.(Val14Gly),41,N_terminal_RING_region,missense,0.030,LOF,-1.861,0.076,Missense,PM2_Supporting:Supporting:1;PS3:Strong:4,5
37,tier3_medium,pathogenic_neighborhood,PS3;near_pathogenic_dense,yes,no,BRCA1,c.5140G>T,p.(Val1714Phe),5140,BRCT_region,missense,0.050,LOF,-1.855,-0.233,Missense,PM2_Supporting:Supporting:1;PS3:Strong:4,5
37,tier3_medium,pathogenic_neighborhood,PS3;near_pathogenic_dense,yes,no,BRCA1,c.5112T>G,p.(Phe1704Leu),5112,BRCT_region,missense,0.020,LOF,-1.852,-0.098,Missense,PM2_Supporting:Supporting:1;PS3:Strong:4,5
25,tier3_medium,functional_or_same_aa,PS3,no,no,BRCA1,c.4957G>T,p.(Val1653Leu),4957,BRCT_region,missense,0.030,LOF,-1.849,-0.898,Missense,PM2_Supporting:Supporting:1;PS3:Strong:4,5
37,tier3_medium,pathogenic_neighborhood,PS3;near_pathogenic_dense,yes,no,BRCA1,c.5206G>C,p.(Val1736Leu),5206,BRCT_region,missense,0.000,LOF,-1.845,-0.268,Missense,PM2_Supporting:Supporting:1;PS3:Strong:4,5
45,tier3_medium,pathogenic_neighborhood,within_10bp_boundary;PS3;near_pathogenic_dense,yes,no,BRCA1,c.139T>C,p.(Cys47Arg),139,N_terminal_RING_region,missense,0.080,LOF,-1.835,-0.499,Missense,PM2_Supporting:Supporting:1;PS3:Strong:4,5
45,tier3_medium,pathogenic_neighborhood,within_10bp_boundary;PS3;near_pathogenic_dense,yes,no,BRCA1,c.5204A>G,p.(Glu1735Gly),5204,BRCT_region,missense,0.000,LOF,-1.835,-0.036,Missense,PM2_Supporting:Supporting:1;PS3:Strong:4,5
37,tier3_medium,pathogenic_neighborhood,PS3;near_pathogenic_dense,yes,no,BRCA1,c.44T>G,p.(Ile15Ser),44,N_terminal_RING_region,missense,0.010,LOF,-1.835,-0.240,Missense,PM2_Supporting:Supporting:1;PS3:Strong:4,5
45,tier3_medium,pathogenic_neighborhood,within_10bp_boundary;PS3;near_pathogenic_dense,yes,no,BRCA1,c.5288G>T,p.(Gly1763Val),5288,BRCT_region,missense,0.010,LOF,-1.831,-0.744,Missense,PM2_Supporting:Supporting:1;PS3:Strong:4,5
37,tier3_medium,pathogenic_neighborhood,PS3;near_pathogenic_dense,yes,no,BRCA1,c.5131A>G,p.(Lys1711Glu),5131,BRCT_region,missense,0.050,LOF,-1.825,-0.416,Missense,PM2_Supporting:Supporting:1;PS3:Strong:4,5
37,tier3_medium,pathogenic_neighborhood,PS3;near_pathogenic_dense,yes,no,BRCA1,c.5108A>G,p.(Tyr1703Cys),5108,BRCT_region,missense,0.030,LOF,-1.820,-0.080,Missense,PM2_Supporting:Supporting:1;PS3:Strong:4,5
49,tier3_medium,pathogenic_neighborhood,SpliceAI>=0.10;PS3;near_pathogenic_dense,yes,no,BRCA1,c.5060T>A,p.(Val1687Asp),5060,BRCT_region,missense,0.170,LOF,-1.815,-0.146,Missense,PM2_Supporting:Supporting:1;PS3:Strong:4,5
45,tier3_medium,pathogenic_neighborhood,within_10bp_boundary;PS3;near_pathogenic_dense,yes,no,BRCA1,c.5066T>A,p.(Met1689Lys),5066,BRCT_region,missense,0.040,LOF,-1.813,-1.060,Missense,PM2_Supporting:Supporting:1;PS3:Strong:4,5
37,tier3_medium,pathogenic_neighborhood,PS3;near_pathogenic_dense,yes,no,BRCA1,c.5005G>C,p.(Ala1669Pro),5005,BRCT_region,missense,0.050,LOF,-1.803,0.128,Missense,PM2_Supporting:Supporting:1;PS3:Strong:4,5
25,tier3_medium,functional_or_same_aa,PS3,no,no,BRCA1,c.4957G>C,p.(Val1653Leu),4957,BRCT_region,missense,0.000,LOF,-1.797,-1.038,Missense,PM2_Supporting:Supporting:1;PS3:Strong:4,5
37,tier3_medium,pathogenic_neighborhood,PS3;near_pathogenic_dense,yes,no,BRCA1,c.5519A>T,p.(Asp1840Val),5519,BRCT_region,missense,0.000,LOF,-1.794,-1.259,Missense,PM2_Supporting:Supporting:1;PS3:Strong:4,5
25,tier3_medium,functional_or_same_aa,PS3,no,no,BRCA1,c.4963T>C,p.(Ser1655Pro),4963,BRCT_region,missense,0.000,LOF,-1.783,-0.472,Missense,PM2_Supporting:Supporting:1;PS3:Strong:4,5
37,tier3_medium,pathogenic_neighborhood,PS3;near_pathogenic_dense,yes,no,BRCA1,c.5112T>A,p.(Phe1704Leu),5112,BRCT_region,missense,0.010,LOF,-1.780,0.095,Missense,PM2_Supporting:Supporting:1;PS3:Strong:4,5
37,tier3_medium,pathogenic_neighborhood,PS3;near_pathogenic_dense,yes,no,BRCA1,c.5236C>G,p.(His1746Asp),5236,BRCT_region,missense,0.000,LOF,-1.779,0.026,Missense,PM2_Supporting:Supporting:1;PS3:Strong:4,5
37,tier3_medium,pathogenic_neighborhood,PS3;near_pathogenic_dense,yes,no,BRCA1,c.122A>T,p.(His41Leu),122,N_terminal_RING_region,missense,0.000,LOF,-1.775,-0.759,Missense,PM2_Supporting:Supporting:1;PS3:Strong:4,5
37,tier3_medium,pathogenic_neighborhood,PS3;near_pathogenic_dense,yes,no,BRCA1,c.5003T>C,p.(Phe1668Ser),5003,BRCT_region,missense,0.040,LOF,-1.761,-0.009,Missense,PM2_Supporting:Supporting:1;PS3:Strong:4,5
37,tier3_medium,pathogenic_neighborhood,PS3;near_pathogenic_dense,yes,no,BRCA1,c.4970T>A,p.(Leu1657Gln),4970,BRCT_region,missense,0.010,LOF,-1.758,-0.475,Missense,PM2_Supporting:Supporting:1;PS3:Strong:4,5
37,tier3_medium,pathogenic_neighborhood,PS3;near_pathogenic_dense,yes,no,BRCA1,c.5360G>A,p.(Cys1787Tyr),5360,BRCT_region,missense,0.000,LOF,-1.756,-0.146,Missense,PM2_Supporting:Supporting:1;PS3:Strong:4,5
45,tier3_medium,pathogenic_neighborhood,within_10bp_boundary;PS3;near_pathogenic_dense,yes,no,BRCA1,c.203T>G,p.(Ile68Arg),203,N_terminal_RING_region,missense,0.070,LOF,-1.755,-0.170,Missense,PM2_Supporting:Supporting:1;PS3:Strong:4,5
37,tier3_medium,pathogenic_neighborhood,PS3;near_pathogenic_dense,yes,no,BRCA1,c.5138T>C,p.(Val1713Ala),5138,BRCT_region,missense,0.090,LOF,-1.755,-0.304,Missense,PS3:Strong:4,4
37,tier3_medium,pathogenic_neighborhood,PS3;near_pathogenic_dense,yes,no,BRCA1,c.5305T>G,p.(Tyr1769Asp),5305,BRCT_region,missense,0.010,LOF,-1.755,-1.134,Missense,PM2_Supporting:Supporting:1;PS3:Strong:4,5
37,tier3_medium,pathogenic_neighborhood,PS3;near_pathogenic_dense,yes,no,BRCA1,c.5543A>C,p.(Gln1848Pro),5543,BRCT_region,missense,0.000,LOF,-1.750,-0.087,Missense,PM2_Supporting:Supporting:1;PS3:Strong:4,5
49,tier3_medium,pathogenic_neighborhood,SpliceAI>=0.10;PS3;near_pathogenic_dense,yes,no,BRCA1,c.247G>T,p.(Val83Phe),247,N_terminal_RING_region,missense,0.120,LOF,-1.744,0.163,Missense,PM2_Supporting:Supporting:1;PS3:Strong:4,5
37,tier3_medium,pathogenic_neighborhood,PS3;near_pathogenic_dense,yes,no,BRCA1,c.5105A>G,p.(Lys1702Arg),5105,BRCT_region,missense,0.060,LOF,-1.741,-0.231,Missense,PM2_Supporting:Supporting:1;PS3:Strong:4,5
25,tier3_medium,functional_or_same_aa,PS3,no,no,BRCA1,c.5420T>A,p.(Ile1807Asn),5420,BRCT_region,missense,0.020,LOF,-1.741,-0.333,Missense,PM2_Supporting:Supporting:1;PS3:Strong:4,5
45,tier3_medium,pathogenic_neighborhood,within_10bp_boundary;PS3;near_pathogenic_dense,yes,no,BRCA1,c.5071A>C,p.(Thr1691Pro),5071,BRCT_region,missense,0.030,LOF,-1.740,-0.479,Missense,PM2_Supporting:Supporting:1;PS3:Strong:4,5
37,tier3_medium,pathogenic_neighborhood,PS3;near_pathogenic_dense,yes,no,BRCA1,c.5255C>T,p.(Ala1752Val),5255,BRCT_region,missense,0.070,LOF,-1.738,0.059,Missense,PM2_Supporting:Supporting:1;PS3:Strong:4,5
37,tier3_medium,pathogenic_neighborhood,PS3;near_pathogenic_dense,yes,no,BRCA1,c.5521A>C,p.(Ser1841Arg),5521,BRCT_region,missense,0.000,LOF,-1.722,-0.573,Missense,PM2_Supporting:Supporting:1;PS3:Strong:4,5
45,tier3_medium,pathogenic_neighborhood,within_10bp_boundary;PS3;near_pathogenic_dense,yes,no,BRCA1,c.4994T>A,p.(Val1665Glu),4994,BRCT_region,missense,0.010,LOF,-1.720,0.656,Missense,PM2_Supporting:Supporting:1;PS3:Strong:4,5
37,tier3_medium,pathogenic_neighborhood,PS3;near_pathogenic_dense,yes,no,BRCA1,c.5432A>G,p.(Gln1811Arg),5432,BRCT_region,missense,0.030,LOF,-1.712,-0.680,Missense,PM2_Supporting:Supporting:1;PS3:Strong:4,5
37,tier3_medium,pathogenic_neighborhood,PS3;near_pathogenic_dense,yes,no,BRCA1,c.5111T>G,p.(Phe1704Cys),5111,BRCT_region,missense,0.040,LOF,-1.706,-0.254,Missense,PM2_Supporting:Supporting:1;PS3:Strong:4,5
37,tier3_medium,pathogenic_neighborhood,PS3;near_pathogenic_dense,yes,no,BRCA1,c.5099C>G,p.(Thr1700Arg),5099,BRCT_region,missense,0.000,LOF,-1.705,-0.202,Missense,PM2_Supporting:Supporting:1;PS3:Strong:4,5
37,tier3_medium,pathogenic_neighborhood,PS3;near_pathogenic_dense,yes,no,BRCA1,c.5107T>C,p.(Tyr1703His),5107,BRCT_region,missense,0.050,LOF,-1.702,-0.572,Missense,PM2_Supporting:Supporting:1;PS3:Strong:4,5
45,tier3_medium,pathogenic_neighborhood,within_10bp_boundary;PS3;near_pathogenic_dense,yes,no,BRCA1,c.5143A>T,p.(Ser1715Cys),5143,BRCT_region,missense,0.070,LOF,-1.699,-0.508,Missense,PM2_Supporting:Supporting:1;PS3:Strong:4,5
37,tier3_medium,pathogenic_neighborhood,PS3;near_pathogenic_dense,yes,no,BRCA1,c.5558A>C,p.(Tyr1853Ser),5558,BRCT_region,missense,0.000,LOF,-1.698,-1.621,Missense,PM2_Supporting:Supporting:1;PS3:Strong:4,5
37,tier3_medium,pathogenic_neighborhood,PS3;near_pathogenic_dense,yes,no,BRCA1,c.5511G>T,p.(Trp1837Cys),5511,BRCT_region,missense,0.000,LOF,-1.697,-0.706,Missense,PM2_Supporting:Supporting:1;PS3:Strong:4,5
49,tier3_medium,pathogenic_neighborhood,SpliceAI>=0.10;PS3;near_pathogenic_dense,yes,no,BRCA1,c.190T>C,p.(Cys64Arg),190,N_terminal_RING_region,missense,0.190,LOF,-1.691,0.205,Missense,PM2_Supporting:Supporting:1;PS3:Strong:4,5
37,tier3_medium,pathogenic_neighborhood,PS3;near_pathogenic_dense,yes,no,BRCA1,c.5507A>T,p.(Glu1836Val),5507,BRCT_region,missense,0.000,LOF,-1.690,-0.490,Missense,PM2_Supporting:Supporting:1;PS3:Strong:4,5
37,tier3_medium,pathogenic_neighborhood,PS3;near_pathogenic_dense,yes,no,BRCA1,c.5228G>T,p.(Gly1743Val),5228,BRCT_region,missense,0.000,LOF,-1.689,-0.133,Missense,PM2_Supporting:Supporting:1;PS3:Strong:4,5
37,tier3_medium,pathogenic_neighborhood,PS3;near_pathogenic_dense,yes,no,BRCA1,c.5291T>A,p.(Leu1764Gln),5291,BRCT_region,missense,0.010,LOF,-1.682,0.224,Missense,PM2_Supporting:Supporting:1;PS3:Strong:4,5
37,tier3_medium,pathogenic_neighborhood,PS3;near_pathogenic_dense,yes,no,BRCA1,c.5363G>T,p.(Gly1788Val),5363,BRCT_region,missense,0.000,LOF,-1.680,-0.387,Missense,PS3:Strong:4,4
45,tier3_medium,pathogenic_neighborhood,within_10bp_boundary;PS3;near_pathogenic_dense,yes,no,BRCA1,c.129T>A,p.(Phe43Leu),129,N_terminal_RING_region,missense,0.000,LOF,-1.674,0.047,Missense,PM2_Supporting:Supporting:1;PS3:Strong:4,5
37,tier3_medium,pathogenic_neighborhood,PS3;near_pathogenic_dense,yes,no,BRCA1,c.5365G>C,p.(Ala1789Pro),5365,BRCT_region,missense,0.000,LOF,-1.671,-0.810,Missense,PM2_Supporting:Supporting:1;PS3:Strong:4,5
37,tier3_medium,pathogenic_neighborhood,PS3;near_pathogenic_dense,yes,no,BRCA1,c.5445G>T,p.(Trp1815Cys),5445,BRCT_region,missense,0.080,LOF,-1.667,-0.831,Missense,PM2_Supporting:Supporting:1;PS3:Strong:4,5
49,tier3_medium,pathogenic_neighborhood,SpliceAI>=0.10;PS3;near_pathogenic_dense,yes,no,BRCA1,c.5110T>C,p.(Phe1704Leu),5110,BRCT_region,missense,0.130,LOF,-1.665,0.085,Missense,PM2_Supporting:Supporting:1;PS3:Strong:4,5
45,tier3_medium,pathogenic_neighborhood,within_10bp_boundary;PS3;near_pathogenic_dense,yes,no,BRCA1,c.74C>T,p.(Pro25Leu),74,N_terminal_RING_region,missense,0.010,LOF,-1.661,-0.398,Missense,PM2_Supporting:Supporting:1;PS3:Strong:4,5
45,tier3_medium,functional_or_same_aa,within_2bp_boundary;PS3,no,no,BRCA1,c.2T>C,p.(Met1Thr),2,N_terminal_RING_region,initiation_codon,0.020,LOF,-1.657,-0.329,Missense,PM2_Supporting:Supporting:1;PS3:Strong:4,5
49,tier3_medium,pathogenic_neighborhood,SpliceAI>=0.10;PS3;near_pathogenic_dense,yes,no,BRCA1,c.5056C>G,p.(His1686Asp),5056,BRCT_region,missense,0.160,LOF,-1.653,-1.144,Missense,PM2_Supporting:Supporting:1;PS3:Strong:4,5
37,tier3_medium,pathogenic_neighborhood,PS3;near_pathogenic_dense,yes,no,BRCA1,c.5557T>C,p.(Tyr1853His),5557,BRCT_region,missense,0.000,LOF,-1.653,0.236,Missense,PM2_Supporting:Supporting:1;PS3:Strong:4,5
37,tier3_medium,pathogenic_neighborhood,PS3;near_pathogenic_dense,yes,no,BRCA1,c.5164T>C,p.(Ser1722Pro),5164,BRCT_region,missense,0.010,LOF,-1.652,,Missense,PM2_Supporting:Supporting:1;PS3:Strong:4,5
25,tier3_medium,functional_or_same_aa,PS3,no,no,BRCA1,c.5426T>C,p.(Val1809Ala),5426,BRCT_region,missense,0.060,LOF,-1.650,-0.402,Missense,PM2_Supporting:Supporting:1;PS3:Strong:4,5
37,tier3_medium,pathogenic_neighborhood,PS3;near_pathogenic_dense,yes,no,BRCA1,c.4970T>G,p.(Leu1657Arg),4970,BRCT_region,missense,0.020,LOF,-1.647,-0.770,Missense,PM2_Supporting:Supporting:1;PS3:Strong:4,5
45,tier3_medium,functional_or_same_aa,within_2bp_boundary;PS3,no,no,BRCA1,c.2T>A,p.(Met1Lys),2,N_terminal_RING_region,initiation_codon,0.010,LOF,-1.637,-0.689,Missense,PM2_Supporting:Supporting:1;PS3:Strong:4,5
37,tier3_medium,pathogenic_neighborhood,PS3;near_pathogenic_dense,yes,no,BRCA1,c.146T>C,p.(Leu49Pro),146,N_terminal_RING_region,missense,0.040,LOF,-1.625,0.071,Missense,PM2_Supporting:Supporting:1;PS3:Strong:4,5
37,tier3_medium,pathogenic_neighborhood,PS3;near_pathogenic_dense,yes,no,BRCA1,c.100C>T,p.(Pro34Ser),100,N_terminal_RING_region,missense,0.010,LOF,-1.624,-0.437,Missense,PM2_Supporting:Supporting:1;PS3:Strong:4,5
37,tier3_medium,pathogenic_neighborhood,PS3;near_pathogenic_dense,yes,no,BRCA1,c.5303G>T,p.(Cys1768Phe),5303,BRCT_region,missense,0.000,LOF,-1.623,-0.605,Missense,PM2_Supporting:Supporting:1;PS3:Strong:4,5
37,tier3_medium,pathogenic_neighborhood,PS3;near_pathogenic_dense,yes,no,BRCA1,c.5087T>A,p.(Val1696Glu),5087,BRCT_region,missense,0.030,LOF,-1.622,-0.079,Missense,PM2_Supporting:Supporting:1;PS3:Strong:4,5
37,tier3_medium,pathogenic_neighborhood,PS3;near_pathogenic_dense,yes,no,BRCA1,c.5015A>C,p.(His1672Pro),5015,BRCT_region,missense,0.080,LOF,-1.603,-0.623,Missense,PM2_Supporting:Supporting:1;PS3:Strong:4,5
37,tier3_medium,pathogenic_neighborhood,PS3;near_pathogenic_dense,yes,no,BRCA1,c.63C>T,p.(Ile21=),63,N_terminal_RING_region,synonymous,0.040,LOF,-1.602,-0.003,Synonymous,PM2_Supporting:Supporting:1;PS3:Strong:4,5
49,tier3_medium,pathogenic_neighborhood,SpliceAI>=0.10;PS3;near_pathogenic_dense,yes,no,BRCA1,c.5058T>A,p.(His1686Gln),5058,BRCT_region,missense,0.150,LOF,-1.585,0.180,Missense,PM2_Supporting:Supporting:1;PS3:Strong:4,5
37,tier3_medium,pathogenic_neighborhood,PS3;near_pathogenic_dense,yes,no,BRCA1,c.5105A>C,p.(Lys1702Thr),5105,BRCT_region,missense,0.040,LOF,-1.581,-0.155,Missense,PM2_Supporting:Supporting:1;PS3:Strong:4,5
49,tier3_medium,pathogenic_neighborhood,SpliceAI>=0.10;PS3;near_pathogenic_dense,yes,no,BRCA1,c.5063T>A,p.(Val1688Asp),5063,BRCT_region,missense,0.150,LOF,-1.572,0.099,Missense,PM2_Supporting:Supporting:1;PS3:Strong:4,5
25,tier3_medium,functional_or_same_aa,PS3,no,no,BRCA1,c.5429T>A,p.(Val1810Glu),5429,BRCT_region,missense,0.020,LOF,-1.564,-0.472,Missense,PM2_Supporting:Supporting:1;PS3:Strong:4,5
37,tier3_medium,pathogenic_neighborhood,PS3;near_pathogenic_dense,yes,no,BRCA1,c.5053A>C,p.(Thr1685Pro),5053,BRCT_region,missense,0.090,LOF,-1.558,-0.060,Missense,PM2_Supporting:Supporting:1;PS3:Strong:4,5
37,tier3_medium,pathogenic_neighborhood,PS3;near_pathogenic_dense,yes,no,BRCA1,c.5057A>T,p.(His1686Leu),5057,BRCT_region,missense,0.080,LOF,-1.557,-1.276,Missense,PM2_Supporting:Supporting:1;PS3:Strong:4,5
49,tier3_medium,pathogenic_neighborhood,SpliceAI>=0.10;PS3;near_pathogenic_dense,yes,no,BRCA1,c.5096G>T,p.(Arg1699Leu),5096,BRCT_region,missense,0.190,LOF,-1.556,-0.040,Missense,PM2_Supporting:Supporting:1;PS3:Strong:4,5
25,tier3_medium,functional_or_same_aa,PS3,no,no,BRCA1,c.4964C>T,p.(Ser1655Phe),4964,BRCT_region,missense,0.010,LOF,-1.556,-0.515,Missense,PM2_Supporting:Supporting:1;PS3:Strong:4,5
49,tier3_medium,pathogenic_neighborhood,SpliceAI>=0.10;PS3;near_pathogenic_dense,yes,no,BRCA1,c.5009G>A,p.(Arg1670Lys),5009,BRCT_region,missense,0.160,LOF,-1.553,-0.651,Missense,PM2_Supporting:Supporting:1;PS3:Strong:4,5
37,tier3_medium,pathogenic_neighborhood,PS3;near_pathogenic_dense,yes,no,BRCA1,c.5444G>C,p.(Trp1815Ser),5444,BRCT_region,missense,0.030,LOF,-1.550,-2.530,Missense,PS3:Strong:4,4
45,tier3_medium,pathogenic_neighborhood,within_10bp_boundary;PS3;near_pathogenic_dense,yes,no,BRCA1,c.5078C>A,p.(Ala1693Asp),5078,BRCT_region,missense,0.080,LOF,-1.540,-1.961,Missense,PM2_Supporting:Supporting:1;PS3:Strong:4,5
25,tier3_medium,functional_or_same_aa,PS3,no,no,BRCA1,c.4964C>G,p.(Ser1655Cys),4964,BRCT_region,missense,0.020,LOF,-1.540,-0.384,Missense,PM2_Supporting:Supporting:1;PS3:Strong:4,5
45,tier3_medium,pathogenic_neighborhood,within_10bp_boundary;PS3;near_pathogenic_dense,yes,no,BRCA1,c.203T>A,p.(Ile68Lys),203,N_terminal_RING_region,missense,0.020,LOF,-1.535,-0.171,Missense,PM2_Supporting:Supporting:1;PS3:Strong:4,5
37,tier3_medium,functional_or_same_aa,SpliceAI>=0.10;PS3,no,no,BRCA1,c.4955T>A,p.(Met1652Lys),4955,BRCT_region,missense,0.110,LOF,-1.532,-1.014,Missense,PM2_Supporting:Supporting:1;PS3:Strong:4,5
37,tier3_medium,pathogenic_neighborhood,PS3;near_pathogenic_dense,yes,no,BRCA1,c.4970T>C,p.(Leu1657Pro),4970,BRCT_region,missense,0.000,LOF,-1.526,-0.704,Missense,PM2_Supporting:Supporting:1;PS3:Strong:4,5
37,tier3_medium,pathogenic_neighborhood,PS3;near_pathogenic_dense,yes,no,BRCA1,c.5354A>C,p.(Gln1785Pro),5354,BRCT_region,missense,0.000,LOF,-1.526,-0.736,Missense,PM2_Supporting:Supporting:1;PS3:Strong:4,5
45,tier3_medium,pathogenic_neighborhood,within_10bp_boundary;PS3;near_pathogenic_dense,yes,no,BRCA1,c.5323A>G,p.(Met1775Val),5323,BRCT_region,missense,0.000,LOF,-1.522,0.070,Missense,PM2_Supporting:Supporting:1;PS3:Strong:4,5
37,tier3_medium,pathogenic_neighborhood,PS3;near_pathogenic_dense,yes,no,BRCA1,c.5348T>A,p.(Met1783Lys),5348,BRCT_region,missense,0.000,LOF,-1.512,-0.170,Missense,PM2_Supporting:Supporting:1;PS3:Strong:4,5
25,tier3_medium,functional_or_same_aa,PS3,no,no,BRCA1,c.4958T>A,p.(Val1653Glu),4958,BRCT_region,missense,0.000,LOF,-1.504,-0.395,Missense,PM2_Supporting:Supporting:1;PS3:Strong:4,5
45,tier3_medium,pathogenic_neighborhood,within_10bp_boundary;PS3;near_pathogenic_dense,yes,no,BRCA1,c.70T>A,p.(Cys24Ser),70,N_terminal_RING_region,missense,0.010,LOF,-1.498,-0.772,Missense,PM2_Supporting:Supporting:1;PS3:Strong:4,5
37,tier3_medium,pathogenic_neighborhood,PS3;near_pathogenic_dense,yes,no,BRCA1,c.5525T>C,p.(Val1842Ala),5525,BRCT_region,missense,0.000,LOF,-1.495,-0.487,Missense,PM2_Supporting:Supporting:1;PS3:Strong:4,5
37,tier3_medium,pathogenic_neighborhood,PS3;near_pathogenic_dense,yes,no,BRCA1,c.5308G>C,p.(Gly1770Arg),5308,BRCT_region,missense,0.000,LOF,-1.486,0.758,Missense,PM2_Supporting:Supporting:1;PS3:Strong:4,5
25,tier3_medium,functional_or_same_aa,PS3,no,no,BRCA1,c.4951T>C,p.(Ser1651Pro),4951,BRCT_region,missense,0.010,LOF,-1.479,-0.860,Missense,PM2_Supporting:Supporting:1;PS3:Strong:4,5
45,tier3_medium,functional_or_same_aa,SpliceAI>=0.10;within_10bp_boundary;PS3,no,no,BRCA1,c.4G>C,p.(Asp2His),4,N_terminal_RING_region,missense,0.120,LOF,-1.474,-0.296,Missense,PM2_Supporting:Supporting:1;PS3:Strong:4,5
37,tier3_medium,pathogenic_neighborhood,PS3;near_pathogenic_dense,yes,no,BRCA1,c.5251C>G,p.(Arg1751Gly),5251,BRCT_region,missense,0.000,LOF,-1.473,-0.459,Missense,PM2_Supporting:Supporting:1;PS3:Strong:4,5
49,tier3_medium,pathogenic_neighborhood,SpliceAI>=0.10;PS3;near_pathogenic_dense,yes,no,BRCA1,c.173C>A,p.(Pro58His),173,N_terminal_RING_region,missense,0.160,LOF,-1.468,0.211,Missense,PM2_Supporting:Supporting:1;PS3:Strong:4,5
37,tier3_medium,pathogenic_neighborhood,PS3;near_pathogenic_dense,yes,no,BRCA1,c.5050A>C,p.(Thr1684Pro),5050,BRCT_region,missense,0.030,LOF,-1.468,-1.386,Missense,PM2_Supporting:Supporting:1;PS3:Strong:4,5
37,tier3_medium,pathogenic_neighborhood,PS3;near_pathogenic_dense,yes,no,BRCA1,c.5523T>A,p.(Ser1841Arg),5523,BRCT_region,missense,0.000,LOF,-1.461,-0.107,Missense,PM2_Supporting:Supporting:1;PS3:Strong:4,5
37,tier3_medium,pathogenic_neighborhood,PS3;near_pathogenic_dense,yes,no,BRCA1,c.5110T>A,p.(Phe1704Ile),5110,BRCT_region,missense,0.030,LOF,-1.455,0.056,Missense,PM2_Supporting:Supporting:1;PS3:Strong:4,5
37,tier3_medium,pathogenic_neighborhood,PS3;near_pathogenic_dense,yes,no,BRCA1,c.5245C>T,p.(Pro1749Ser),5245,BRCT_region,missense,0.000,LOF,-1.449,-0.298,Missense,PM2_Supporting:Supporting:1;PS3:Strong:4,5
37,tier3_medium,pathogenic_neighborhood,PS3;near_pathogenic_dense,yes,no,BRCA1,c.5503C>G,p.(Arg1835Gly),5503,BRCT_region,missense,0.000,LOF,-1.448,-0.593,Missense,PM2_Supporting:Supporting:1;PS3:Strong:4,5
37,tier3_medium,pathogenic_neighborhood,PS3;near_pathogenic_dense,yes,no,BRCA1,c.104T>C,p.(Val35Ala),104,N_terminal_RING_region,missense,0.000,LOF,-1.442,-0.054,Missense,PM2_Supporting:Supporting:1;PS3:Strong:4,5
37,tier3_medium,pathogenic_neighborhood,PS3;near_pathogenic_dense,yes,no,BRCA1,c.40G>T,p.(Val14Phe),40,N_terminal_RING_region,missense,0.020,LOF,-1.432,-0.079,Missense,PM2_Supporting:Supporting:1;PS3:Strong:4,5
37,tier3_medium,pathogenic_neighborhood,PS3;near_pathogenic_dense,yes,no,BRCA1,c.5363G>C,p.(Gly1788Ala),5363,BRCT_region,missense,0.000,LOF,-1.412,-0.094,Missense,PM2_Supporting:Supporting:1;PS3:Strong:4,5
49,tier3_medium,pathogenic_neighborhood,SpliceAI>=0.10;PS3;near_pathogenic_dense,yes,no,BRCA1,c.239G>T,p.(Ser80Ile),239,N_terminal_RING_region,missense,0.110,LOF,-1.409,0.897,Missense,PM2_Supporting:Supporting:1;PS3:Strong:4,5
45,tier3_medium,pathogenic_neighborhood,within_10bp_boundary;PS3;near_pathogenic_dense,yes,no,BRCA1,c.5156T>G,p.(Val1719Gly),5156,BRCT_region,missense,0.010,LOF,-1.384,,Missense,PM2_Supporting:Supporting:1;PS3:Strong:4,5
49,tier3_medium,pathogenic_neighborhood,SpliceAI>=0.10;PS3;near_pathogenic_dense,yes,no,BRCA1,c.5126G>T,p.(Gly1709Val),5126,BRCT_region,missense,0.100,LOF,-1.383,-0.187,Missense,PM2_Supporting:Supporting:1;PS3:Strong:4,5
37,tier3_medium,pathogenic_neighborhood,PS3;near_pathogenic_dense,yes,no,BRCA1,c.5441C>G,p.(Ala1814Gly),5441,BRCT_region,missense,0.020,LOF,-1.377,-5.847,Missense,PM2_Supporting:Supporting:1;PS3:Strong:4,5
37,tier3_medium,pathogenic_neighborhood,PS3;near_pathogenic_dense,yes,no,BRCA1,c.5205A>T,p.(Glu1735Asp),5205,BRCT_region,missense,0.000,LOF,-1.371,-0.623,Missense,PM2_Supporting:Supporting:1;PS3:Strong:4,5
37,tier3_medium,pathogenic_neighborhood,PS3;near_pathogenic_dense,yes,no,BRCA1,c.5520C>G,p.(Asp1840Glu),5520,BRCT_region,missense,0.000,LOF,-1.369,-0.193,Missense,PM2_Supporting:Supporting:1;PS3:Strong:4,5
37,tier3_medium,pathogenic_neighborhood,PS3;near_pathogenic_dense,yes,no,BRCA1,c.5519A>G,p.(Asp1840Gly),5519,BRCT_region,missense,0.000,LOF,-1.364,-1.349,Missense,PM2_Supporting:Supporting:1;PS3:Strong:4,5
37,tier3_medium,pathogenic_neighborhood,PS3;near_pathogenic_dense,yes,no,BRCA1,c.5122G>A,p.(Ala1708Thr),5122,BRCT_region,missense,0.010,LOF,-1.359,-0.028,Missense,PS3:Strong:4,4
25,tier3_medium,functional_or_same_aa,PS3,no,no,BRCA1,c.5426T>A,p.(Val1809Asp),5426,BRCT_region,missense,0.090,LOF,-1.355,-0.473,Missense,PM2_Supporting:Supporting:1;PS3:Strong:4,5
37,tier3_medium,pathogenic_neighborhood,PS3;near_pathogenic_dense,yes,no,BRCA1,c.5362G>A,p.(Gly1788Ser),5362,BRCT_region,missense,0.000,LOF,-1.353,-0.286,Missense,PM2_Supporting:Supporting:1;PS3:Strong:4,5
37,tier3_medium,pathogenic_neighborhood,PS3;near_pathogenic_dense,yes,no,BRCA1,c.5561T>C,p.(Leu1854Pro),5561,BRCT_region,missense,0.000,LOF,-1.344,-0.919,Missense,PM2_Supporting:Supporting:1;PS3:Strong:4,5
49,tier3_medium,pathogenic_neighborhood,SpliceAI>=0.10;PS3;near_pathogenic_dense,yes,no,BRCA1,c.5057A>G,p.(His1686Arg),5057,BRCT_region,missense,0.150,LOF,-1.337,-0.447,Missense,PM2_Supporting:Supporting:1;PS3:Strong:4,5
37,tier3_medium,pathogenic_neighborhood,PS3;near_pathogenic_dense,yes,no,BRCA1,c.152T>C,p.(Leu51Pro),152,N_terminal_RING_region,missense,0.030,LOF,-1.333,-0.155,Missense,PM2_Supporting:Supporting:1;PS3:Strong:4,5
37,tier3_medium,pathogenic_neighborhood,PS3;near_pathogenic_dense,yes,no,BRCA1,c.5087T>G,p.(Val1696Gly),5087,BRCT_region,missense,0.020,LOF,-1.330,-0.174,Missense,PM2_Supporting:Supporting:1;PS3:Strong:4,5
12,tier4_low,other_vus,SpliceAI>=0.10,no,no,BRCA1,c.5429T>G,p.(Val1810Gly),5429,BRCT_region,missense,0.100,LOF,-3.374,-0.448,Missense,PM2_Supporting:Supporting:1,1
20,tier4_low,pathogenic_neighborhood,within_10bp_boundary;near_pathogenic_dense,yes,no,BRCA1,c.5203G>A,p.(Glu1735Lys),5203,BRCT_region,missense,0.000,LOF,-3.243,-0.878,Missense,PM2_Supporting:Supporting:1,1
12,tier4_low,pathogenic_neighborhood,near_pathogenic_dense,yes,yes,BRCA1,c.5255C>A,p.(Ala1752Glu),5255,BRCT_region,missense,0.000,LOF,-3.038,-0.609,Missense,PM2_Supporting:Supporting:1,1
12,tier4_low,pathogenic_neighborhood,near_pathogenic_dense,yes,yes,BRCA1,c.5227G>A,p.(Gly1743Arg),5227,BRCT_region,missense,0.000,LOF,-2.681,-0.181,Missense,PM2_Supporting:Supporting:1,1
12,tier4_low,pathogenic_neighborhood,near_pathogenic_dense,yes,yes,BRCA1,c.5509T>G,p.(Trp1837Gly),5509,BRCT_region,missense,0.000,LOF,-2.563,-1.593,Missense,PM2_Supporting:Supporting:1,1
12,tier4_low,pathogenic_neighborhood,near_pathogenic_dense,yes,yes,BRCA1,c.5216A>G,p.(Asp1739Gly),5216,BRCT_region,missense,0.000,LOF,-2.431,-0.596,Missense,PM2_Supporting:Supporting:1,1
12,tier4_low,pathogenic_neighborhood,near_pathogenic_dense,yes,yes,BRCA1,c.5258G>C,p.(Arg1753Thr),5258,BRCT_region,missense,0.000,LOF,-2.370,-0.724,Missense,PM2_Supporting:Supporting:1,1
12,tier4_low,pathogenic_neighborhood,near_pathogenic_dense,yes,yes,BRCA1,c.5522G>A,p.(Ser1841Asn),5522,BRCT_region,missense,0.000,LOF,-2.262,-0.485,Missense,PM2_Supporting:Supporting:1,1
12,tier4_low,pathogenic_neighborhood,near_pathogenic_dense,yes,yes,BRCA1,c.5497G>A,p.(Val1833Met),5497,BRCT_region,missense,0.000,LOF,-2.183,0.570,Missense,,0
20,tier4_low,pathogenic_neighborhood,within_10bp_boundary;near_pathogenic_dense,yes,no,BRCA1,c.5201T>C,p.(Phe1734Ser),5201,BRCT_region,missense,0.000,LOF,-2.034,-0.302,Missense,PM2_Supporting:Supporting:1,1
12,tier4_low,pathogenic_neighborhood,near_pathogenic_dense,yes,yes,BRCA1,c.5227G>C,p.(Gly1743Arg),5227,BRCT_region,missense,0.000,LOF,-1.924,-0.027,Missense,PM2_Supporting:Supporting:1,1
12,tier4_low,pathogenic_neighborhood,near_pathogenic_dense,yes,yes,BRCA1,c.5222T>A,p.(Val1741Asp),5222,BRCT_region,missense,0.000,LOF,-1.906,-0.202,Missense,PM2_Supporting:Supporting:1,1
20,tier4_low,pathogenic_neighborhood,within_10bp_boundary;near_pathogenic_dense,yes,no,BRCA1,c.5083T>G,p.(Phe1695Val),5083,BRCT_region,missense,0.010,LOF,-1.802,0.068,Missense,PM2_Supporting:Supporting:1,1
12,tier4_low,pathogenic_neighborhood,near_pathogenic_dense,yes,yes,BRCA1,c.5096G>C,p.(Arg1699Pro),5096,BRCT_region,missense,0.010,LOF,-1.549,-0.015,Missense,PM2_Supporting:Supporting:1,1
